7898532691529,1,"Natura Plant Cachos Marcantes Creme para Pentear","23,30",2
7898532691598,1,"Natura Plant Cachos Marcantes Mascara Hidrantante","24,90",7
7898532691635,1,"Natura Plant Cachos Marcantes Fluido Prolongador","24,90",13
7898447689345,1,"Natura Plant Anti Caspa Shampoo","14,80",0
7898517652712,1,"Natura Plant Hidratacao Rep Mascara Intensiva","29,90",3
7898473147291,1,"Natura Plant Revitalizao Pos Quimica Masc Intensiv","29,90",0
7898506877201,1,"Natura Plant liso solto masc prolong alisamento","29,90",7
7898473147550,1,"Natura Plant Protecao Realce cor Mascara Intensiva","29,90",2
7898473147567,1,"Natura Plant prot. realce cor mascara intensiva RF","24,80",3
7898517652699,1,"Natura Plant Hidratacao Reparadora Creme Pentear","23,30",11
7898473147284,1,"Natura Plant Revitalizacao Pos Quimica Creme Pente","23,30",4
7898473147246,1,"Natura Plant Revitalizacao Pos Quimica Shampoo","10,60",0
7898506877195,1,"Natura Plant liso e solto crem pre escova","24,90",1
7898473147314,1,"Natura Plant Revital Pos Quimica Creme dia e noite","23,90",5
7898487305793,1,"Natura Plant choque regenerat kit trat.cosm. regen","31,90",0
7898528407981,1,"Natura Plant Controle Oleosidade Condicionador","13,80",1
78985284079674,1,"Natura Plant Controle Oleosidade Shampoo RF","9,10",1
7898487305540,1,"Natura Plant choque regenerativo shampoo condic","13,80",4
7898473147260,1,"Natura Plant Revitalizacao Pos Quimica Condicionad","13,80",5
7898532691505,1,"Natura  Plant Cachos Marcantes Shampoo","10,60",15
7898532691512,1,"Natura Plant Cachos Marcantes Condicionador","13,80",16
7898506877157,1,"Natura Plant liso e solto shampoo","10,60",0
7898506877171,1,"Natura Plant liso e solto condicionador Lilas","13,80",4
7898473147437,1,"Natura Plant Realce cor Shampoo","10,60",0
7898473147451,1,"Natura Plant Prot Realce e Cor Cabelos Loiros Cond","13,80",0
7898473147505,1,"Natura Plant Prot Realce cor Cabelos Pretos Condic","13,80",5
7898473147529,1,"Natura Plant Prot Realce cor Cabelos Ruivos Condio","13,80",1
7898517652675,1,"Natura Plant Hidra Reparadora Condicionador (rosa)","10,60",15
7899089436656,2,"Avon Naturals Condicionador Nutritivo Extra Secos","7,99",1
7899089419826,2,"Avon On Duty Deo Roll On Women Radiance","4,10",4
7899089415804,2,"Avon Naturals Shampoo Quimicamente Tratados","6,99",1
7899089435840,2,"Avon Naturals Shampoo Nutritivo Cabelos Extra Seco","6,99",0
7899089410372,2,"Avon Naturals  condicionador reparador cab quim tr","7,99",2
7899089415644,2,"Avon Naturals Shampoo Controle Volume Kiwi","6,99",4
7899089415712,2,"Avon Naturals Condicionador Brilho Guarana Mel","7,99",7
7899089418072,2,"Avon Forte shampoo auxiliar queda","20,00",1
7899089418089,2,"Avon Forte tonico capilar aux.process.ant. queda","16,99",1
7899089417389,2,"Avon Advance Techniques Pomada Modeladora","15,00",3
7899089421096,2,"Avon Advance Techniques Gel Modelador p/ Cabelo","12,00",0
7899089410915,2,"Avon Advance Tech Creme Defrizante Efeito Liso","12,00",0
7899089419673,2,"Avon Advance Techniques Spray Protetor Termico","13,00",0
7899089411554,2,"Avon Advanc Tech Fluido Restaurador Pontas(verde)","16,00",2
7899089411530,2,"Avon Advance Tech Shampoo Brilho Intenso(verde)","7,99",7
7899089411059,2,"Avon Advance Techniques Shampoo Anti Volume","7,99",1
7899089411301,2,"Avon Advan Techniques Brilho Intenso Cond.(verde)","8,99",10
7899089410373,2,"Avon Advance Tech Hidrabalance Shampo Cab Quim.","7,99",2
7899089411332,2,"Avon Advanc Tech Hidrabalance Condi Hidr Intens","8,99",0
7899089417990,2,"Avon Advance Tech Condic Fortalacedor(Roxo)","7,99",5
7899089413503,2,"Avon Renew platinum serum concentrado","120,00",38
7899089413497,2,"Avon Renew Platinum dia","70,00",0
7899089414081,2,"Avon Renew Platinum noite","70,00",71
7899089405393,2,"Avon Renew Ultimate Dia","65,00",0
7899089429894,2,"Avon renew ultimate noite(novo)","65,00",8
7899089401715,2,"Avon Renew  Rejuvenate Creme Antiidade dia","55,00",6
7899089401722,2,"Avon Renew Rejuvenate  Gel Creme Noite","55,00",1
7899089411097,2,"Avon Renew perferct cleanser gel limp.facial 50g",1
7899089407113,2,"Avon Renew clinical derma full creme facial","60,00",17
7898548806092,1,"Natura Chronos 30+ tripla firmeza dia","47,50",0
7899089412353,2,"Avon Renew clinical luminosity creme clar. maos",1
7898487301566,1,"Natura Chronos Emulsao Anti Sinais Olhos Contorno","57,50",1
7898548813274,1,"Natura Chronos 30 + Tripla Firmeza  Noite","47,50",0
7898548806139,1,"Natura Chronos Tripla Firmeza  60+","51,50",0
7898532693295,1,"Natura Chronos  70+ muitos sinais RF","59,90",5
7898532693288,1,"Natura Chronos  70 + muitos sinais","79,00",6
7898487301665,1,"Natura Chronos 25+ anti sinais","57,00",1
7898487301696,1,"Natura Chronos 25 + primeiros sinais RF","43,50",6
7898532694902,1,"Natura Chronos 45+ RF muitos sinais RF","49,50",1
7898532694896,1,"Natura Chronos 45+ Muitos Sinais","65,00",5
7898532694841,1,"Natura Chronos 30+ Antissinais RF-Sinais","46,50",0
7898532694834,1,"Natura Chronos 30+ Antissinais-Sinais","61,00",6
7898487301818,1,"Natura Chronos Noturno Antissinais  RF","49,50",0
7898487301801,1,"Natura Chronos Noturno creme Antissinais","65,00",2
7899089427449,2,"Avon Solutions clean gel limpeza facia pele normal","14,00",5
7899089422857,2,"Avon Solutions Clean Gel Limpez Facial pele Oleosa","14,00",9
7899089424448,2,"Avon Care Family gel Antisepco  Maos","7,00",4
7899089410601,2,"Avon Clearskin Creme Esfoliante pele Oleosa","15,00",11
7899089436663,2,"Avon Clearskin Gel Facial Limpeza Profunda","13,00",3
7899089423441,2,"Avon Clearskin Locao Tonica Facial","13,00",0
7899089411295,2,"Avon Clearskin Base Hidratante","14,00",4
7899089410427,2,"Avon Clearskin Mascara Facial Remov de Cravos","15,00",7
7899089413398,2,"Avon Care Aclara creme facial clareador","12,00",0
7899089424318,2,"Avon Solutions gel facial antibrilho noite","24,00",11
7899089424325,2,"Avon Solutions  balance creme facial -dia","24,00",4
7899089423762,2,"Avon Solutions creme facial iluminador noite","24,00",6
7899089421164,2,"Avon Solutions creme facial iluminador dia- laranj","24,00",5
7899089420259,2,"Avon Solutions antiage creme facial noite","29,00",10
7899089424295,2,"Avon Solutions creme facial clareador dia","27,00",4
7899089424301,2,"Avon Solutions banish creme facial clareador noite","27,00",6
7899089422833,2,"Avon Solutions hidra uv urban","29,00",0
7899089427234,2,"Avon Solutions Banishing Creme clareador olheiras","20,00",3
7899089411356,2,"Avon Clearskin Professional Anti Acne","30,00",4
7899089426411,2,"Avon Aguas Brisas Segredos Ondas","51,00",2
7899089423304,2,"Avon Aguas Brisa Lavanda Enfeitada","51,00",0
7899089419703,2,"Avon Aguas Brisa Amarilis Alegre","51,00",0
7898517651050,1,"Natura Aguas de Viver Refrescante","49,90",1
7898517651081,1,"Natura Aguas de Viver Envolvente","49,90",4
7898528402764,1,"Natura Aguas de Namorar Refrescante","49,90",1
7898528402771,1,"Natura Aguas de Namorar Envolvente","49,90",1
7898513049417,3,"Jequiti Abissal homem colonia des masculina","69,90",0
7898480578279,3,"Jequiti Air Eletric colonia desodorante masculino","59,90",0
7898469801572,3,"Jequiti Aire colonia desodorante masculina","59,90",0
7898480574530,3,"Jequiti Uzon fogo colonia desodorante","64,90",0
7898480579276,3,"Jequiti Diva Ebano colonia desodorante feminino","65,90",0
7898496310481,1,"Natura Kayak Aventura Colonia Desodorante Masculin","83,10",0
7898532708241,1,"Natura Kaiak Urbe Desodorante Colonia Masculino","83,60",6
7898501069014,1,"Natura Kayak Pulso Desod.Colonia Masculina","83,10",0
7898496310467,1,"Natura Kayak Deso Colonia Masculina","83,10",0
7898528408421,1,"Natura Homem  Deso Colonia Masculino","89,90",4
7898528408452,1,"Natura Homem Ion  Deso Colonia Masculino","89,90",0
7898487306806,1,"Natura Humor 5 Deso Colonia Feminina","83,10",0
7898517652163,1,"Natura Humor Bombom Humor","83,10",0
7898422498023,1,"Natura Humor 2 Deso Colonia Masculina","83,10",4
7898473138893,1,"Natura Biografia Volume 2 Desod Colonia Feminina","76,90",2
7898548810471,1,"Natura Seve Rosa Violeta Deso Corporal","59,90",0
7898532692939,1,"Natura Seve Oleo de Pimenta Rosa Deso Corporal","59,90",3
7898487297258,1,"Natura Seve Pimenta Rosa Deso Corporal","59,90",2
78912164,2,"Avon Petit Lavande Colonia Deo  Feminina","25,00",3
78912161,2,"Avon Petit Deo Colonia Feminino","25,00",6
7899089410991,2,"Avon Herve Leger eau de toillete feminino","69,00",0
7899089411103,2,"Avon Herve Leger Eau Toilette Masculino","69,00",5
7899089422185,2,"Avon Christian Lacroix Nuit Eau Parfum Feminino","69,00",1
7899089425377,2,"Avon Eternal magic eau toilette floral musc fem","86,80",0
7899089419086,2,"Avon Outspoken Intense des colonia","67,00",89
78929321,2,"Avon Make Up Remover Locao Remover Maquiagem","8,00",23,0,0,0,0,100,4,0,1,0
7899089409056,2,"Avon Renew Reversalist Noite","60,00",143
7899089406895,2,"Avon Renew Reversalist Dia","60,00",2
7899089425193,2,"Avon Renew Genics Creme Trat Cosmetico 30g","70,00",0
7899089424677,2,"Avon Renew Genics trat.cosm. olhos","45,00",0
7899089411721,"renew derma-fuul creme preenchimento para labios",1,1
7899089412186,2,"Avon Disney Branca Neve colonia meninas","14,00",2
7899089413510,2,"Avon Baby Locao Hidr Corpo","15,00",2
7899089413374,2,"Avon Baby Sabonete Liquido","14,00",1
7898513041770,3,"Jequiti Procurando Nemo sabonete veg hidr","15,90",1
7898469800216,3,"Jequiti Procurando Nemo Shampoo","17,60",1
7898469801565,3,"Jequiti Disney Baby Agua colonia","38,90",0
7898480573946,3,"Jequiti Disney Baby Shampoo cabelo e corpo","17,60",2
7898528403709,1,"Natura Mamae Bebe Oleo Vegetal Banho","54,50",1,0,0,0,0,100,3693,0,1,0
7898528403662,1,"Natura Mamae Bebe Sabonete Barra 02 Unid","13,90",0
7898528403624,1,"Natura Mamae Bebe Agua Colonia Sem Alcool","49,30",1
7898447680717,1,"Natura Mamae Bebe Agua Colonia Flor Laranjeira","49,30",2
7898528403532,1,"Natura Mamae Bebe Shampoo Suave Passiflora","17,40",2,2,0,0,0,100,0,0,1,0
7898496316360,1,"Natura Nature Tcharan Cond Secagem Rapida","14,60",3
7898496316346,1,"Natura Nature Shampoo Secagem Rapida","13,50",2
7898506884070,1,"Natura Nature Splack Shampoo Cabelos Lisos","13,50",4
7898506884117,1,"Natura Nature Splack Condicionador Cab Lisos RF","11,60",7
7898487308169,1,"Natura Nature  Borogodo Condicionador","14,60",1
7898528402443,1,"Natura Nature Colonia Mocinhas C/Valvula","53,50",1
7898528402450,1,"Natura Nature  Ha Ha Ha Colonia Mocinhos","53,50",2
7898517657397,1,"Natura Nature Toin creme Pentear Cabelos Cacheados","14,90",0
7898532698870,1,"Natura Nature Mistureba Sabenetes Barra Sortidos","19,90",1
7898501067058,1,"Natura Tododia Algodao Creme Hidr Maos","14,80",0
7898506877911,1,"Natura Tododia  Deso Roll-on Alecrim/Salvia","13,60",14
7898473139746,1,"Natura Tododia Leite Algodao Deso  Roll-on","13,60",5,3,0,0,0,100,0,0,1,0
7898506877904,1,"Natura Tododia Macadamia Deso em Creme","13,60",8
7898506877898,1,"Natura Tododia Macadamia Desodorante roll-on","13,60",5
7898506877928,1,"Natura Tododia Deso em Creme Alecrim Salvia","13,60",2
7898473139715,1,"Natura Tododia Sem Perfume Deso Roll-On","13,60",4,3,0,0,0,100,0,0,1,0
7898473139791,1,"Natura Tododia Cha Verde Deo em Creme","13,60",4
7898473139807,1,"Natura Tododia Leite Algodao Deso em Creme","13,60",4
7898473139760,1,"Natura Tododia sem Perfume Deso em Creme","12,90",0
7898548804500,1,"Natura Ekos Cheiro Moca Bonita Sabonete Barra","4,50",0
7898528407332,1,"Natura Ekos Pitanga Sabonete Barra","4,50",5
7898528407318,1,"Natura Ekos Maracuja Sabonete em barra","4,50",0
7898528407417,1,"Natura Ekos Castanha Sabonete Barra","4,50",2
7898532699716,1,"Natura Ekos Sabonetes Cremoso Sortidos 04 un.","16,90",0,0,0,0,182,0,100,0,0,1,0
7898501062800,1,"Natura Tododia Alecrim/Salvia Hidr Corporal","29,80",1
7898532708296,1,"Natura Tododia Lichia Hidra Corporal","29,80",0
7898528409664,1,"Natura Tododia Orquidea  Hidra Corporal","29,80",4
7898496316674,1,"Natura Tododia Macadamia Hidra Corporal","29,80",0
7898496316629,1,"Natura Tododia Pessego Hidr Corporal","29,80",10
7898501062787,1,"Natura Tododia Algodao Hidr Corporal","29,80",2
7898517653504,1,"Natura Tododia Algodao Hidr Banho c/Enxague","25,80",21
7898501066495,1,"Natura tododia cereja/avela hidr banho c/ enxag","25,80",55
7898532706254,1,"Natura Tododia Amora/Amendoas Sabonete Liquido","17,90",0
7899089420297,2,"Avon sun bloq solar 40 kids (bisnaga)","32,00",4
7899089420174,2,"Avon sun bloq solar spray colorido 30 kids","32,00",5
7899089419789,2,"Avon sun protetor solar 15","20,00",0
7899089420136,2,"Avon sun bolq solaR facial 50 (bisnaga) 50g","26,00",1
7899089420235,2,"Avon sun bloq solar 50 125 g","27,00",1
7899089419925,2,"Avon Sun Bloqueador Solar 30 125 g","25,00",8
7898506883172,1,"Natura ekos pitanga condicionador","18,10",11
7898528408940,1,"Natura Ekos Cacau Shampoo","14,90",0
7898528408964,1,"Natura Ekos Cacau Condicionador","18,10",0
7898506883127,1,"Natura Ekos Pitanga Shampoo","14,90",8
7898548808157,1,"Natura Ekos Andiroba Condicionador","18,10",6
7898548808126,1,"Natura Ekos Andiroba Shampoo","14,90",7
7898501068963,1,"Natura Ekos Castanha Shampoo","14,90",3
7898501069083,1,"Natura Ekos Castanha Condicionador","18,10",2,2,0,0,0,100,0,0,1,0
7898506883141,1,"Natura Ekos Maracuja Shampoo","14,90",5
7898506883196,1,"Natura Ekos Maracuja Condicionador","18,10",3
7898517657311,1,"Natura Ekos Matte Verde Shampoo","14,90",0
7898532699495,1,"Natura Ekos Acai Frescor Aromatico 150 ml","59,80",0
7898532702201,1,"Natura Ekos Maracuja Frescor Aromatico","59,80",0
7898548802131,1,"Natura Ekos Maracuja Roxo Frescor Aromatico","59,80",0
7898532699549,1,"Natura Ekos Acai Sabonete Liquido p/maos","27,30",0
7898501069243,1,"Natura Ekos Castanha Polpa Hidrat Corpo","39,80",1
7898447683244,1,"Natura kayak Deso Masculino Refil","16,20",7
7898532698788,1,"Natura Tododia Lima/Tangerina Hidra Corporal","29,80",0
7898528405741,1,"Natura Kayak Pulso Deo Masc Refil","16,20",11
7898532690966,1,"Natura Homem Deso Spray Masculino Refil","16,20",0
7898532691000,1,"Natura Homem Ion Desodorante Spray Masculino Refil","16,20",0
7898447686429,1,"Natura Sintonia Total Desod Spray Refill","16,20",0
7898528407707,1,"Natura SRN Deo Spray Refil","16,20",0
7898447686405,1,"Natura Sintonia Desod Spray Refil","16,20",5
7898528407691,1,"Natura SRN Deo Masculino","20,70",9
7898532695220,1,"Natura SRN Cedro Deso Masculino","20,70",2
7898447670466,1,"Natura Humor Desod Masculino 02","20,70",2
7898528401651,1,"Natura SRN Creme Barbear Espumante","18,50",0
7898532690881,1,"Natura Homem Creme de Barbear Refrescante","21,00",1
7898528408742,1,"Natura Homem  Espuma Barbear Maximo Conforto","26,00",1
7898473148267,1,"Natura Biografia desod roll on masculino","14,70",3
7898517658035,1,"Natura Faces Conectada  Desod Spray Feminino","20,70",1
7899089433723,2,"Avon Naturals Oleo Corporal Maca Amor","16,99",2
7899089424981,2,"Avon Naturals Oleo corporal  Morango Chocol Branco","16,99",2
7899089417297,2,"Avon Naturals oleo corporal amendoas doces","16,99",0
7899089423007,2,"Avon Naturals oleo corporal erva doce","16,99",0
7899089416306,2,"Avon Naturals oleo corporal avela chocolate","16,99",0
7899089433662,2,"Avon Naturals Selecao  c/ 4 sabonetes","19,00",0
7899089422840,2,"Avon Naturals Erva doce sabonete liquido refil","11,00",2
7899089422987,2,"avon naturals selecao sabonete barra 2 un 80g","7,99",4
7899089422543,2,"Avon Naturals erva doce locao hidr corpo 220 g","10,00",0
7899089422536,2,"Avon Naturals erva doce sabonete liq. maos 250 ml","16,00",13
7899089417723,2,"Avon erva doce sabonete cremoso maos  250 ml","16,00",0
7899089416733,2,"Avon On duty des roll on active","4,10",0
7899089415118,2,"Avon On duty des roll on unmarket protecion","4,10",1
7899089412421,2,"Avon On duty des roll on teens radical ride","4,19",0
78924322,2,"Avon Pretty Blue Desodorante Spray","3,19",3
7899089413220,2,"Avon skin so soft des roll on clareador","3,99",4
7899089421171,2,"Avon Skin so soft des roll on redutor pelos","3,99",7
7899089422970,2,"Avon Naturals Erva Doce Deo Roll On","2,99",0
78924608,2,"Avon Deso Creme sem Perfume","3,99",19
7899089424288,2,"Avon Naturals Erva Doce Deo Creme","3,99",1
789908942381,2,"Avon foot works mascara hidr pes lilas",1,3
7899089445597,2,"avon Foot works creme rest.hidr.  pes ressecados","15,00",0
7899089406031,2,"Avon Footworks masc hidr pes","14,00",0
7899089416238,2,"Avon foot works creme hidr aloe vera (verde)","15,00",0
7899089422574,2,"Avon foot works desod Pes Spray","11,00",0
7899089422567,2,"Avon footworks  hidr intens vitam E serum","16,00",7
7899089407885,2,"Avon erva doce creme hidr maos 50g","7,00",0
7899089423748,2,"Avon Naturals Baunilha Leite Chantily Corporal","16,00",0
7899089424394,2,"avon Naturals chocolate branco chantily h corp","16,00",0
7899089407816,2,"Avon colortrend po compacto bronze",1,1
7899089407847,2,"Avon Colortend Po Compacto Tropicana Medio",1,3
7898473147444,1,"Natura plant Protecao Realce cor Shampoo RF","9,10",1
7898506877164,1,"Natura plant liso solto shampoo RF","9,10",1
789847314345,1,"Natura Plant Brilho Maciez Shampoo RF","9,10",0
7898532691642,1,"Natura Plant Cachos Marcantes Shampoo RF","9,10",0
7898487307360,1,"Natura plant choque regerativo shampoo RF","11,70",1
7898473147536,1,"Natura Plant Prot Cor Cab Ruivos Condic RF","11,70",0
7898506877188,1,"Natura plant liso solto condicionador RF","11,70",0
7898473147512,1,"Natura Plant Prot Realce Cab Pretos Condicio RF","11,70",2
7898501069090,1,"Natura Ekos Castanha Condicionador RF","14,40",0
7898528408971,1,"Natura Ekos Cacau Condicionador RF","14,40",1
7898506883240,1,"Natura Ekos Maracuja Shampoo RF","11,90",4
7898548808164,1,"Natura Ekos Andiroba Cond. RF","14,40",0
7898506883301,1,"Natura ekos maracuja condicionador RF","14,40",5
7898506883226,1,"Natura Ekos Pitanga Shampoo RF","11,10",1
7898517657328,1,"Natura Ekos Matte Verde Shampoo Rf","11,90",0
7898506874002,1,"Natura Tododia Alecrim/Salvia Hidr.Corporal RF","23,80",9
7898506874057,1,"Natura Tododia Algodao Hidra Corporal RF","23,80",0
7898501066525,1,"Natura tododia cereja/avela sabonete barra  5 un","15,90",6
7898496312454,1,"Natura Tododia Algodao Sabonete em barra 5un","15,90",3
7898532706247,1,"Natura Tododia Amora/Amendoas Sabonete Barra 5 un","15,90",2
7898496310238,1,"Natura tododia macadamia sabonete barra 5 un","15,90",5
7899089407830,2,"avon colortrend po compacto cafe medio",1,0
7899089407823,2,"Avon colortrend po compacto porcelana",1,3
7899089435536,2,"Avon colortrend blush em po compacto rosa pink","17,00",5
7899089436649,2,"Avon colortrend blush em po compacto bronze","17,00",3
7899089435680,2,"Avon Colortrend  Po Compacto Porcelana","19,00",6
7899089435642,2,"Avon colortrend po compacto bronze (novo)",1,0
7899089407069,2,"Avon Colortrend  Duo Sombras Violeta/Verde","19,00",0
7899089419956,2,"Avon colortrend duo sombras coral/beringela","19,00",1
7899089437073,2,"Avon colortrend trio sombras choco kiss","19,00",1
7899089437097,2,"avon colortrend trio sombras celeste/celestial","19,00",4
7899089437134,2,"Avon colortrend trio sombras rockstar",6
7899089435703,2,"Avon colortrend trio sombras energia","19,00",5
7899089437141,2,"Avon colortrend trio sombras fantasia","19,00",4
7899089437158,2,"avon colortrend duo sombras retro chic","19,00",1
7899089437080,2,"Avon colortrend trio sombras coral trendy","19,00",4
7899089404402,2,"Avon ideal shade  base leve liquida marrom",1,1
7899089404341,2,"Avon Ideal shade base leve marrom claro","45,00",6
7899089443333,2,"Avon Ideal Flawless Base Liquida Bege","45,00",5
7899089443340,2,"Avon Ideal Flawless Base Liquida Ivory Amendoa","45,00",2
7899089443326,2,"Avon Ideal Flawless Base Liquida - Marrom Claro","45,00",2
7899089443319,2,"Avon Ideal Flawless Base Liquida - Bronze","45,00",3
7899089437110,2,"Avon Colortrend Base em Bastao - Cafe","16,00",6
7899089436984,2,"Avon Colortrend Base em Bastao Caramelo","16,00",8
7899089437127,2,"Avon Colortrend Base em Bastao Rosado Medio","16,00",10
7899089422338,2,"Avon colortrend duo blush embalagem laranja","16,00",0
7899089403160,2,"Avon Ideal Shade  Base Compacta Marrom Claro",1,1
7899089403092,2,"Avon Ideal Shade  Base Compacta- Marrom",1,0
7899089403146,2,"Avon Ideal Shade Base Compacta   Bronze",1,1
7899089403085,2,"Avon Ideal Shade Base Compacta  Bege Rosado",1,1
7899089442626,2,"Avon ideal flawless base compacta - marrom claro","36,00",9
7899089406987,2,"Avon magix base disfarce linhas - bege",3
7899089419178,2,"Avon extra lasting po facial longa duracao- marrom","34,00",3
7899089403207,2,"Avon Ideal Shade Po Compacto Facial Bege Medio",1,1
7899089403184,2,"Avon Ideal Shade Po Compacto Facial  Bege Claro","30,00",9
7899089403214,2,"Avon iIeal Shade Po Compacto Facia Marrom Claro",1,0
7899089403177,2,"Avon Ideal Shade Po Compacto Facial  Bege",1,0
7899089426930,2,"Avon Ideal Flawless Po Compacto - Bege Medio","30,00",7
7899089426916,2,"Avon Ideal Flawless Po Compacto - Bege Claro","30,00",16
7899089426404,2,"Avon Ideal Flawless Po Compacto -Avela","30,00",9
7899089426947,2,"Avon Ideal Flawless Po Compacto  Marrom",1,6
7899089426923,2,"Avon Ideal Flawless Po Compacto Mel","30,00",7
7899089435963,2,"Avon true  color sombra individual - dourado",1,5
7899089405997,2,"Avon ideal shade base compacta - bege claro RF","16,99",0
7899089405966,2,"Avon ideal shade base compacta -bege rosado RF","16,99",1
7899089405959,2,"Avon ideal shade base compacta - marrom RF","16,99",0
78929325,2,"Avon Ideal Shade Base Compacta Marrom Claro - RF","16,99",4
7899089406017,2,"Avon ideal shade base compacta - marrom claro RF","16,99",0
7899089405973,2,"Avon ideal shade base compacta - bronze RF","16,99",0
7899089404969,2,"Avon true color quarteto sombras - fresh","37,00",6
7899089404952,2,"Avon true color quarteto sombras- colecao expresso","37,00",4,
7899089424912,2,"Avon true color quarteto sombras - fantasia","37,00",4
7899089425612,2,"Avon quarteto sombras - cosmopolitan moderna","12,99",0
7899089419413,2,"avon mega impact duo sombras -violeta","22,00",2
7899089419383,2,"Avon mega impact duo  sombras- azul impact","22,00",3
7899089419406,2,"Avon mega impact duo sombras - chocolate","22,00",0
7899089433174,2,"Avon ideal luminous blush po- bronze","30,00",7
7899089403580,2,"Avon True Color Blush Po - Caramelo",1
7899089403559,2,"Avon True Color Blush em Po Malva","30,00",4
7899089435970,2,"Avon true color blush po - framboesa","30,00",2
7899089430210,2,"Avon ideal luminous blush po - rosa","30,00",4
7899089433075,2,"Avon ideal luiminous blush pessego","30,00",6
7898532705318,1,"Natura Aquarela Batom Fps 8 cor 01 Matte","15,90",4
7898517654129,1,"Natura Aquarela Batom cor 56","15,90",0
7898517654136,1,"Natura Aquarela Batom cor 57","14,90",0
7898532705356,1,"Natura Aquarela Batom Matte cor 04","15,90",0
7898487301344,1,"Natura Aquarela Batom cor 10","15,90",1
7898532705288,1,"Natura Aquarela Batom cor 56 Colecao Bordado","14,90",0
7898532704472,1,"Natura Una Batom Uva","34,50",2
7898532704465,1,"Natura Una Batom Vinho","34,50",1
7898532693660,1,"Natura Faces Batom  Rosa Mania","9,90",5
7898532693714,1,"Natura Faces Batom- Vermelho Paixao","9,90",3
7898528401705,1,"Natura SRN Gel Pos Barba","22,70",0
7898548805767,1,"Natura SRN Creme Barbear nao Espumante","18,50",2
7898548805774,1,"Natura SRN Sabonete Barra","9,90",0
7898517657274,1,"Natura Ekos Matte Verde Deso Colonia c/Aromatico","69,80",0
7898548813229,1,"Natura Ekos Matte Verde Gel Barbear",,2
7898548813717,1,"Natura Ekos Matte Verde Sabonete Massageador",,2
7899089415767,2,"Avon Naturals Condicionador Cabelos Quimicamente","7,99",3
7899089415682,2,"Avon Naturals Condicionador Controle Volume Papaya","7,99",4
7898506877782,1,"Natura Erva Doce Deom Roll-On","13,90",0
7898517650480,1,"Natura Erva Doce  Desodorante Spray Completo","20,70",8
7898517650497,1,"Natura Erva Doce Desod Spray Refill","16,20",10
7898506875436,1,"Natura Higeia Sabonete Liquido Intimo","24,60",2
7898506875429,1,"Natura Higeia Lencos Umedecidos Intimos","13,50",2
7898506875443,1,"Natura Higeia Sabonete  Liquido Intimo RF","19,60",4
7898532693707,1,"Natura Faces Batom Vermelho Beijo","9,90",9
7898532693684,1,"Natura Faces Batom Rosa Ritmo","9,90",10
7898532693721,1,"Natura Faces Batom Cobre Show","9,90",4
7898532693691,1,"Natura Faces Batom Boca Incrivel","9,90",2
7898548808034,1,"Natura Faces Batom Pink Infinita","9,90",1
7898532702522,1,"Natura Faces Batom Rosa Carinho","9,90",0
7898548810723,1,"Natura Faces Gloss Brilho Labial Cereja","11,90",0
7898532700139,1,"Natura Aquarela Batom Liquido cor 01","16,50",2
7898532700160,1,"Natura Aquarela  Batom Liquido cor 04","16,50",1
7898532700153,1,"Natura Aquarela Batom Liquido cor 03","16,50",1
7898532705509,1,"Natura Aquarela Batom Liquido cor 07","16,50",1
7898532700184,1,"Natura Faces Batom Marrom Brilho cor 06","9,90",1
7898528402023,1,"Natura Faces Lencos Demaquiantes 10 Un","10,90",2
7899089401999,2,"Avon Ultra Color Rich cor Intensa   Rosa Queimado","16,00",7
7899089401944,2,"Avon Ultra Color Rich cor Intensa   Pessego Suave","16,00",0
7899089401913,2,"Avon Ultra Color Rich cor Intensa  Bronze Treasure","16,00",13
7899089401982,2,"Avon Ultra Color Rich cor Intensa  Rosa Fantasia","16,00",1
7899089401951,2,"Avon Ultra Color Rich cor Intensa  Cereja Intenso","16,00",12
7899089401975,2,"Avon Ultra Color Rich cor Intensa  Fronzen Rose","16,00",2
7899089402002,2,"Avon Ultra Color Rich cor Intensa  Vinho Canela","16,00",1
7899089402026,2,"Avon Ultra Color Rich cor Intensa  Expresso","16,00",7
7899089416948,2,"avon ultra color rich colordisiac- luxuriuos","20,00",0
7899089416924,2,"Avon ultra color rich colordisiac - seduction","20,00",8
7899089416986,2,"Avon Ultra Color Rich Colordisiac -Passion","20,00",1
7899089416993,2,"Avon Ultra Color Rich Colordisiac Delicious","20,00",4
7899089404624,2,"Avon renew  batom retinol condicionador labial","30,00",0
7899089411646,2,"Avon colortrend batom   ameixa","9,00",5
7899089411219,2,"Avon colortrend batom hidr.pink galmour","9,00",9
7899089438506,2,"Avon colortrend batom vermelho escandalo","9,00",3
7899089420211,2,"Avon colortrend batom azaleia(novo)","9,00",0
7899089436915,2,"Avon colortrend batom hidr. cobre perolado","9,00",2
7899089436908,2,"Avon colortrend batom  vinho purpura","9,00",0
7899089411189,2,"Avon colortrend batom hidr.cobre ritmo","9,00",3
7899089411677,2,"Avon colortrend batom rosa retro","9,00",1
7899089436922,2,"Avon colortrend batom  jabuticaba","9,00",2
7899089436861,2,"Avon colortrend batom hidr. rosa star","9,00",5
7899089435000,2,"Avon colortrend pop love batom hidr. maca amor","9,00",15
7899089419468,2,"avon colortrend pop love morango","9,00",4
7899089438223,2,"Avon colortrend pop love chocolate","9,00",3
7899089438278,2,"Avon colortrend pop love batom  tuti fruti","9,00",7
7899089419475,2,"Avon colortrend pop love Batom melancia","9,00",3
7899089438247,2,"Avon colortrend pop love batom coco","9,00",2
7899089436892,2,"Avon Colortrend  Batom - Grape/Uva","9,00",3
7899089436939,2,"avon colortrend batom - carmin","9,00",6
7899089438513,2,"Avon colortrend batom  violeta trendy (teen)","9,00",3
7899089438490,2,"avon colortrend batom vermelho pop (teen)","9,00",2
7899089437790,2,"Avon ideal flawless base compacta - bege medio","36,00",4
7899089437844,2,"Avon ideal flawless base compacta avela","36,00",5
7899089442633,2,"Avon ideal flawless base compacta - bronze","36,00",8
7899089442640,2,"avon ideal flawless base compacta - bege natural","36,00",2
7899089437776,2,"Avon ideal flawless base compacta- bege claro","36,00",4,0
7899089442657,2,"Avon ideal flawless base compacta - mel","36,00",6
7899089442664,2,"Avon ideal flawless base compacta- bege rosado","36,00",8
7899089404983,2,"avon true color quarteto sombras - glamour","37,00",8
7899089433181,2,"avon ideal luminous blush po - framboesa","30,00",3
7899089436991,2,"Avon Colortrend Base em Bastao- Bege","16,00",6
7899089436854,2,"Avon Colortrend  Encore Batom- Marajoara","9,00",4
7899089436878,2,"Avon Colortrend  - Cravo Canela","9,00",2
7899089438254,2,"Avon colortrend pop love morango (novo)","9,00",7
7899089412339,2,"Avon super shock mascara intenso volume","24,00",8
7899089426527,2,"Avon Supershock Max Mascara Volume Cilios","26,00",0
7899089417969,2,"Avon Super Enchant Mascara Along. Prova Dgua-preto","22,00",24
7899089400053,2,"Avon Delineador para Esfumar Olhos","17,00",23
7899089418508,2,"Avon colortrend lapis delinear olhos marrom","9,00",12
7899089444767,2,"Avon glimersticks lapis delinear olhos -preto","16,00",8
7899089420273,2,"Avon megaimpact delinear olhos azul","19,00",14
7899089420266,2,"Avon megaimpact delin olhos- nude","19,00",14
7899089420280,2,"Avon megaimpact delin  olhos - preto","19,00",11
7899089418522,2,"Avon colortrend lapis delin.olhos beringela","9,00",0
7899089407694,2,"Avon Glazewear Shine Gloss Super -Vermelho Rosado","16,00",3
7899089407250,2,"Avon Glazewear Shine Gloss -Malva","16,00",3
7899089407335,2,"Avon Glazewear Shine Gloss - Pink Paixao","16,00",0
7899089407755,2,"Avon glazewear shine gloss- amendoa","16,00",4
7899089407649,2,"Avon glazewear shine gloss- transparente(incolor)","16,00",3
7899089407748,2,"Avon Glazewear Shine Gloss- Nude","16,00",2
7899089407298,2,"Avon Glazewear Shine Gloss - Rosa Cobre","16,00",3
7899089407663,2,"Avon Glazewear Shine Gloss -Pessego","16,00",3
7899089407717,2,"Avon glazewear shine gloss- bege esplendido","16,00",3
7899089407670,2,"Avon Glazewear Shine Gloss- Pink Suave","16,00",6
7899089407304,2,"Avon Glazewear shine gloss - boca luminosa","16,00",1
7899089407700,2,"Avon Glazewear Shine Gloss- Rosa Antigo","16,00",6
7899089407656,2,"Avon Glazewear Shine Gloss - Rosa Sereno","16,00",3
7899089410861,2,"Avon Advance Tech Hidrabalance Creme Pentear","10,00",8
7899089410724,2,"Avon Advance  Hidrabalance Fluido Restauracao","16,00",7
7899089418034,2,"Avon j.dempsey del.olhos esfumar  -marrom","17,00",10
7899089424431,2,"Avon foot works  creme esfoliante pes","11,00",3
7899089429351,2,"Avon foot works creme noturno hidr pes","14,00",0
7899089418867,2,"Avon extralasting batom -malva","19,00",2
7899089436632,2,"Avon colortrend blush po - pessego","17,00",2
7899089429399,2,"Avon magix corretivo olhos - medio","22,00",2
7899089440530,2,"Avon Ideal Flawless Corret Facial Bastao- escuro","16,00",8
7899089440523,2,"Avon Ideal Flawless corret facial bastao-claro","16,00",2
7899089438469,2,"Avon Colortrend Base Liqu. Marrom Medio(novo)","15,00",5
7899089433136,2,"Avon extralasting  batom - ameixa","19,00",3
7899089419345,2,"Avon extralasting delin. liquido - preto","22,00",3
7899089412025,2,"Avon Advance Tech.Rest Intensa Fluido Pontas","16,00",0
7899089420426,2,"Avon Advance Controle Volume -Fluido Pontas","16,00",0
7899089425261,2,"Avon Advance Nutritivo com Oleo de Argan","17,00",0
7899089436274,2,"Avon Advance Techniques Cond Morocan Argan","8,99",4
7899089436281,2,"Avon Advance Techniques Shampo Morocan Argan","7,99",7
7899089408707,2,"Avon Renew Reversalist Espuma Limpeza Facial","22,00",2
7899089408813,2,"Avon renew rejuvenate gel limpeza facial 125g","20,00",6
7899089406888,2,"Avon renew ultimate creme limpeza facial","24,00",
7899089448192,2,"Avon care nutri plus locao desod.corpo 1 litro","25,00",0
7899089418188,2,"Avon Skin So Soft Creme Depilatorio Facial","24,00",5
7899089422673,2,"Avon Skin So Soft Creme Depilatorio Corpo","24,00",5
7899089424332,2,"Avon solutions celu sculpt  gel redutor celulite","40,00",2
7899089429160,2,"Avon Solutions Strechmark Tratamento Cosm  Estrias","42,00",0
7899089427029,2,"Avon Care Renovare Accolade Creme Facial Noite","12,00",13
7899089427043,2,"Avon Care Renovare Acolade Creme Facial -Dia","12,00",11
7899089435406,2,"Avon care locao facial 3 em 1","12,00",3
7899089413305,2,"Avon Care Silicone Creme Maos 90 gr","9,00",19
7899089418713,2,"Avon Naturals Creme Maos Guarana Mel","7,00",0
7899089418751,2,"Avon Naturals Creme Maos Rosa Vermelhas e Pessego","7,00",4
7899089425063,2,"Avon Naturals Creme Maos Lichia Violeta","7,00",0
7899089437196,2,"Avon Naturals Creme Maos Nozes Acucar","7,00",2
7899089424936,2,"Avon On Duty Deo Roll On Original","4,19",2
7899089404006,2,"Avon true color quarteto sombras - colecao luxo","37,00",7
7899089404976,2,"Avon True Color Quarteto Sombras -Colecao Jeans","37,00",2
7899089422826,2,"Avon summer bronze mosaico facial po facil","49,00",0
7899089401050,2,"Avon Magix Creme Disfarce Poros Linhas Finas","45,00",4
7899089435499,2,"Avon Colortrend delineador Liquido Olhos Preto","16,00",7
7899089434287,2,"Avon ColorTrend Delineador Transformador Olhos","12,00",3
7899089412933,2,"avon super magnify masc. cilios prova agua-preto","24,00",24
7899089412346,2,"Avon Nail Experts Mira-Cuticle Redutor Cuticulas","5,00",0
7899089410106,2,"Avon colortrend brilho e aroma brilho labial  pera","7,00",5
7899089410083,2,"Avon Colortrend Aroma e Brilho - Amora","7,00",1
7899089440806,2,"Avon colortrend esmalte - beijo adormecido","2,90",0
7899089440790,2,"Avon Colortrend Esmalte- Maca Envenenada","2,90",1
7899089440813,2,"Avon Colortrend Esmalte- Sapo Encantado","2,90",6
7899089440820,2,"Avon Colortrend Esmalte - Princesa Fuga","2,90",0
7899089440783,2,"Avon colortrend esmalte - quase p/ sempre","2,90",0
7899089401098,2,"Avon Nail Experts 4 em 1 Complexo Unhas","4,50",8
7898517652651,1,"Natura Plant Hidra Reparadora Shampoo","10,60",4
7898473147338,1,"Natura Plant Brilho Maciez Shampoo","10,60",4
7898473147352,1,"Natura Plant Brilho Maciez Condicionador","13,80",0
7898473147574,1,"Natura Plant Limpeza Profunda Shampoo","10,60",0
7898532698931,1,"Natura Plant Hidra Repar elador Pontas Serum","18,20",4
7898501065191,1,"Natura Tododia cereja/avela hidr corporal","29,80",46
7898532706223,1,"Natura Tododia Amora/Amendoas Hidr Corpo Ilum","29,80",9
7898528400067,1,"Natura Tododia Macadamia Hidra Banho c/Enxague","25,80",1
7898532706537,1,"Natura Tododia Amora/Amendoas Hidr Banho c/Enxague","25,80",0
7898548814547,1,"Natura Seve Inverno Toque de Calor Pimenta Cambuci","59,90",0
7898517652729,1,"Natura Plant Hidra Reparadora Mascara RF","24,80",0
7898501069274,1,"Natura Ekos Castanha Polpa Hidrat Maos","23,80",2
7898501069267,1,"Natura Ekos Maracuja Polpa Hidrat. Maos","23,80",0
7898548804470,1,"Natura Ekos Cheiro Moca Bonita Polpa Hidra Maos","23,80",0
7898532695183,1,"Natura SRN Cedro Deso Masculino RF","16,20",0
7898532690959,1,"Natura Homem Deso Spray Masculino","20,70",5
7898501068635,1,"Natura Humor 6 Desodorante Colonia","83,10",2
7898447683756,1,"Natura Biografia Desodorante Masculino Spray","20,70",2
7898506877249,1,"Natura Erva Doce Desodorante Aerosol 150ml","19,90",5
7898506884322,1,"Natura Erva Doce Sabonete Cremoso Maos RF","19,80",2
7898528403549,1,"Natura Mamae Bebe Shampoo Suave Passiflora RF","13,90",1
7898506884087,1,"Natura Nature Splack Condicionador Cabelos Lisos","14,60",4
7898517657304,1,"Natura Ekos Matte Verde Sabonete Barra","4,50",0
7898506884100,1,"Natura Nature Splack Shampoo Cabelos Lisos RF","10,80",3
7898517652668,1,"Natura Plant Hidra Reparador Shampoo RF","9,10",0
7898517652682,1,"Natura Plant Hidra Reparadora Condicionador RF","11,70",0
7898473147345,1,"Natura Plant Brilho e Maciez Shampoo RF","10,60",0
7898473147369,1,"Natura Plant Brilho e Maciez Condicionador RF","11,70",0
7898487301290,1,"Natura aquarela batom cor 5","14,90",0
7898487301306,1,"Natura Aquarela Batom cor 06","15,90",1
7898487301283,1,"Natura Aquarela Batom cor 04","15,90",0
7898487308343,1,"Natura aquarela batom cor 43","15,90",2
7898487296442,1,"Natura aquarela batom cor 17","15,90",1
7898487301320,1,"Natura Aquarela Batom cor 08","15,90",1
7899089416443,2,"Avon Advance Tech Fluido Eliminador Frizz","16,00",1
7899089425698,2,"Avon glimersticks del.olhos  retratil-azul metal","16,00",0
7899089408486,2,"Avon glimersticks del.olhos retratil- ameixa cint","16,00",1
7899089408479,2,"Avon glimmersticks del.olhos retratil- azul intens","16,00",1
7899089425704,2,"Avon glimersticks del.olhos retratil- violeta meta","16,00",0
7899089418041,2,"Avon j.demsey del.olhos esfumar- verde","16,00",1
7899089435444,2,"Avon ColorTrend Lapis Delineador para Olhos Preto","9,00",14
7899089438599,2,"Avon colortrend delin. sombra liquido olhos marrom","16,00",6
7899089430579,2,"Avon colortrend del.liquido olhos- blanco metalico","16,00",6
7899089430593,2,"Avon Colortrend  Del LiquidoOlhos-Grafito Metalico","16,00",3
7899089430630,2,"Avon colortrend kajal del./sombra- morado/roxo",1
7899089430623,2,"Avon colortrend kajal/sombra borgona/bordo",1
7899089408974,2,"Avon colortrend kajal del./sombra azul cl metalico",3
7898516071286,3,"Jequiti mini lapis p/ olhos - pink","9,90",2
7898516072757,3,"Jequiti mini lapis olhos- azul cintilante","9,90",4
7898516071217,3,"Jequiti mini lapis p/ olhos-laranja","9,90",3
7898516072788,3,"Jequiti mini lapis olhos - beringela","9,90",4
7898516071279,3,"Jequiti mini lapis p/olhos -roxo",3
7898480570556,3,"Jequiti aviva lapis esfumador - preto","20,80",9
7898553761089,3,"Jequiti Aviva Lapis Ultrafixacao- Marrom","22,50",13
7899089427814,2,"Avon Ultra Color Rich Rosa Matte","16,00",0
7899089427821,2,"Avon Ultra Color Rich Mate  Vinho","16,00",7
7899089427845,2,"Avon Ultra Color Rich Mate - Caramelo Mate","16,00",0
7899089408882,2,"Avon megaimpact batom- vermelho impact","19,00",0
7899089408912,2,"Avon Megaimpact batom -ameixa impact","19,00",0
7899089408929,2,"Avon megaimpact batom vinho impact","19,00",0
7899089408875,2,"Avon megaimpact  batom pink impact","19,00",0
7899089408936,2,"Avon Megaimpact Batom - Marrom Impact","19,00",0
7899089408943,2,"Avon Megaimpact Batom -Coral Impact","19,00",0
7899089408899,2,"Avon megaimpact batom -nude impact","19,00",0
7899089408868,2,"Avon Megaimpact batom rosa impact","19,00",0
7899089408905,2,"Avon megaimpact batom - malva impact","19,00",1
7899089416108,2,"Avon Hidraseduction Batom - Malva Chic","20,00",0
7899089422390,2,"Avon hidraseduction brilho labial- tangerine","16,00",7
7899089422406,2,"Avon Hydraseduction Brilho Labial Violeta","16,00",11
7899089422413,2,"Avon Hidraseduction Brilho Champanhe","16,00",0
7899089423229,2,"Avon Shine Revolutions Batom- Vinho","24,00",13
7899089423144,2,"Avon Shine Revolutions Batom- Pink","24,00",14
7899089423212,2,"Avon shine revolution batom - vermelho","24,00",15
7899089423175,2,"Avon SWhine Revolution Batom -Coral","24,00",6
7899089423137,2,"Avon Shine Revolution Batom - Rosa","24,00",8
7899089423151,2,"Avon Shine Revolution Batom - Malva","24,00",4
7899089423205,2,"Avon Shine Revoltions Batom -Cafe","24,00",1
7899089423182,2,"Avon shine revolution batom - nude","24,00",0
7899089423168,2,"Avon Shine Revolution Batom -Cereja","24,00",2
7899089407441,2,"Avon colortrend base liquida -bege medio","15,00",0
7899089407434,2,"Avon Colortrend Base Liquida -Bege Natural","15,00",6
7899089407403,2,"avon colortrend base liquida - castanho","15,00",5
78999089407427,2,"Avon colortrend base liquida - marrom medio","15,00",2
7899089440547,2,"Avon ideal flawless corret.fac. bastao- natural","16,00",16
7899089411318,2,"Avon super extend masc.cilios p.agua-preto","24,00",0
7899089405058,2,"Avon super curl masc.cilios -preta","22,00",11
7899089435505,2,"Avon colortrend masc.curvadora cilios-preta","16,00",35
7899089435529,2,"Avon colortrend mas.alongadora cilios -preto","16,00",14
7899089436359,2,"Avon Colortrend Mascara Extra Volume Cilios- preta","16,00",25
7899089435475,2,"Avon colortrend masc.incolor cilios - incolor","15,00",26
7899089436595,2,"Avon colortrend brilho rolete -tutti fruti","10,00",6
7899089436601,2,"Avon colortrend brilho rolete - morango","10,00",5
7899089435734,2,"Avon Colortrend Brilho Rolete - Pessego","10,00",11
7898422497231,1,"Natura kayak Desodorante Spray Masculino","20,70",2
7898528403631,1,"Natura Mamae Bebe Agua Colonia Flor de Laranjeira","49,30",1
7898548808133,1,"Natura Ekos Andiroba Shampoo RF","11,90",0
7898501068970,1,"Natura Ekos Castanha Shampoo RF","11,90",0
7898506883271,1,"Natura ekos pitanga condicionador RF","14,40",12
7899089427036,2,"Avon Care  Renovare Acolade  Creme  Maos","9,00",12
7899089410830,2,"Avon Advance Techniques Protecao da Cor Creme","12,00",4
7899089410922,2,"Avon Advance Technique Restauracao Intensiva Creme","12,00",0
7899089418133,2,"Avon Advance Techniques Shampoo Fortalecedor(roxo)","7,99",2
7899089411547,2,"Avon Advance Techniques Liso Intenso Shampoo","7,99",1
7899089411561,2,"Avon Advance Tech Liso Intenso Condicionador","6,99",4
7899089410359,2,"Avon Advance  Techniques Restaur. Intensiva Cond.","8,99",0
7899089417198,2,"avon colortrend esmalte -paixao","2,90",1
7899089417167,2,"Avon colortrend esmalte - provocante","2,90",0
7899089439046,2,"Avon colortrend esmalte babado forte","2,90",0
7899089434164,2,"Avon colortrend esmalte - I ching","2,00",0
7899089438957,2,"Avon colortrend esmalte -pirulito","2,90",0
7899089417235,2,"Avon colortrend esmalte - vinho charme","2,90",1
7899089439190,2,"Avon colortrend esmalte -tulipa","2,90",0
7899089439282,2,"avon colortrend esmalte - flor do campo","2,90",0
7899089434126,2,"Avon colortrend esmalte - mapa astral","2,90",0
7899089417051,2,"Avon colortrend esmalte branco leite","2,90",1
7899089417037,2,"Avon Colortrend  Esmalte - Perola","2,90",1
7899089417402,2,"Avon Colortrend  Esmalte - Vip","2,90",1
7899089439015,2,"Avon colortrend esmalte- garota da capa -","2,90",7
7899089422475,2,"Avon nail experts fixador fortalecedor esmalte","6,00",0
7899089401524,2,"Avon Nail Experts Cobertura Brilhante de Esmalte","4,50",2
7899089423397,2,"Avon Nail Experts Removedor Esmalte","7,00",3
7899089412216,2,"Avon On Duty Deo Roll On Verao","4,19",4
7899089416740,2,"avon on duty des. roll on tropic cocktail","4,19",7
7899089414494,2,"Avon On Duty Deso.Roll-On Active","4,20",1
7899089411790,2,"Avon on duty des. roll on men bio","4,20",3
7899089416757,2,"Avon on duty des.roll on men sport","4,19",0
7899089413312,2,"Avon care glicerina creme p/ maos","9,00",5
7899089413978,2,"Avon care locao facial - aloe e gengibre","9,00",2
7899089424554,2,"Avon Nail Experts Gel  Hidrat Vitamina C Cuticulas","6,00",0
7898422497279,1,"Natura Biografia Desodorante Masculino RF","16,50",0
7898473147543,1,"Natura Plant Protr Realce cor Creme Protetor UV","23,30",5
7898532690973,1,"Natura Homem Nitro Desodorante Spray","20,70",0
7898422486419,1,"Natura kayak Aventura Desodorante Spray Masculino","20,70",7
7898528405734,1,"Natura kayak Pulso Deo Masculino Spray","20,70",6
7898532690997,1,"Natura Homem Ion Desodorante Masculino Spray","20,70",1
7898532690980,1,"Natura Homem Nitro Desodorante Spray Masculino RF","16,20",5
7898422497781,1,"Natura kayak Aventura Deso Masculino Spray RF","16,20",3
7898532691130,1,"Natura Homem Aquagel Pos Barba","24,00",0
7898532690911,1,"Natura Homem Sabonete Barra Cremoso","14,30",1
7898517656062,1,"Natura Seve Creme Hidra Pes Amendoas Marcantes",2,2
7898532690904,1,"Natura Homem Hidraturbo Controle Brilho Oleosidade","45,00",2
7898528403259,1,"Natura Ekos Maracuja Oleo Trifasico","51,80",0
7898532690935,1,"Natura Homem Nitro Desodorante Colonia","89,90",1
7898447679049,1,"Natura Biobrafia Desodorante Colonia Masculino","76,90",2
7898548813328,1,"Natura Horus Verde Citro Desod. Colonia Masculino","59,40",0
7898528403273,1,"Natura Ekos Pitanga Oleo Trifasico","51,80",0
7898506874262,1,"Natura Fotoequilibrio Locao Prot. nao Oleosa Fps60","37,20",1
7898473147475,1,"Natura Plant Prot.Realce Cor Cab Castanhos Cond.","13,80",4
7899089415675,2,"Avon Naturals Brilho Shampoo Guarana Mel","6,99",4
7899089411011,2,"Avon Advannce  Restauracao Choque Reparador","8,00",12
7899089411783,2,"Avon Advance Capsulas de Brilho e Maciez","15,00",3
7899089443364,2,"Avon Ideal Flawless Base Liquida -Bege Medio","45,00",6
7899089443296,2,"Avon ideal falwless base liquida-bege rosado","45,00",2
7898473139739,1,"Natura Tododia Cha Verde  Deso  Roll-On","13,60",11
7899089424240,2,"Avon renew genics trat. cosm.concentrado serum","120,00",2
7898513040261,3,"Jequiti vida sem rotina locao hidr corp.amora amei","24,80",0
7898516074041,3,"Jequiti erva doce mais locao corp.camomila","19,90",1
7898516077714,3,"Jequiti erva doce mais locao corp. erva doce","19,90",4
7898480578149,3,"Jequiti Fyo profissional control volume condiciona","19,90",3
7898480578019,3,"Jequiti Fyo Professional Prot.Ilumin. Cor Shampoo","17,90",4
7898480578026,3,"Jequiti Fyo Professional  Prot.Ilum.Cor Condicion","19,90",3
7898480578064,3,"Jequiti Fyo profissional liso intenso condicionado","19,90",3
7898480578095,3,"Jequiti  Fyo profissional repar.intensiva shampoo","17,90",2
7898480578101,3,"Jequiti Fyo profissional repar.intensiva condiciona","19,90",2
7898480578033,3,"Jequiti Fyo Profissional Protetor Ilum.Cor Mascara","27,90",2
7898513045907,3,"Jequiti Fyo Profissional Antireresiduos Shampoo","16,90",2
7898553762895,3,"Jequiti Comix Shampoo","9,90",0
7898513049189,3,"Jequiti vida sem rotina polpa hidr maos - amora am","13,50",0
7898553762888,3,"Jequiti Comix Locao Hidratante","14,40",0
7898553762901,3,"Jequiti Comix Condicionador","11,90",0
7898513049295,3,"Jequiti vida sem rotina sabonete barra veg. 3 un","10,90",0
7898513042104,3,"Jequiti eu sinto shampoo cabelos normais","10,90",0
7898513042098,3,"Jequiti eu desperto shampoo cabelos secos","10,90",0
7898513042159,3,"Jequiti eu desejo condicionador cabelos cacheados","12,90",0
7898513042166,3,"Jequiti eu quero condicionador cabelos oleosos","12,90",0
7898553762918,3,"Jequiti comix sabonete hidr vegetal 1 un","4,50",0
7898513042111,3,"Jequiti eu desejos shampoo cabelos cacheados","10,90",0
7898516078049,3,"Jequiti Eu Sonho Locao Hidr.Cereja c/Chantily","19,90",1
7898480570730,3,"Jequiti Eu Quero Locao Hidra Corporal  Pera","19,90",5
7898480570709,3,"Jequiti eu provoco locao hidr. morangos c/  champa","19,90",1
7898480574462,3,"Jequiti Eu Desejo Locao Hidra Frutas- Vermelhas","19,90",4
7898513041909,3,"Jequiti Eu Beijo Locao Hida Corporal Tutti-Frutti","19,90",1
7898553764141,3,"Jequiti eu envolvo locao hidr. licor amendoas","19,90",0
7898516070036,3,"Jequiti Eu Devoro Locao Hidratante Chocolate","19,90",4
7898480570723,3,"Jequiti Eu Provoco Colonia Deso Splash Morango","27,90",5
7898516078087,3,"Jequiti Eu Sonho Colonia  Deo Splash Gliter Cereja","27,90",5
7898480574479,3,"Jequiti eu desejo colonia des. splash frutas verme","27,90",0
7898553762987,3,"Jequiti Eu Envolvo Colonia Deo Splash Licor Amendo","27,90",2
7898417963017,4,"Vult po compacto n. 01","10,00",7
7898417963024,4,"Vult Po Compacto 02","10,00",6
7898417963031,4,"Vult Po Compacto 03","10,00",6
7898417963048,4,"Vult po compacto n. 04","10,00",4
7898417963055,4,"vult po compacto n. 05","10,00",6
7898417963062,4,"Vult po compacto n.06","10,00",7
7898417963079,4,"Vult Po Compacto n. 07","10,00",2
7898417963086,4,"Vult po compacto n. 08","10,00",5
7898417963093,4,"Vult po compacto n. 09","10,00",7
7898417963109,4,"Vult po compacto n. 10","10,00",6
7898417963116,4,"Vult po compacto n.11","10,00",33
7898417965370,4,"Vult blush compacto n. 03 bege","12,50",1
7898417965387,4,"vult blush compacto n. 04 pessego","12,50",4
7898417965400,4,"Vult blush compacto n. 06","12,50",5
7898417965363,4,"Vult Blush Compacto 02 Salmao","12,50",5
7898417968807,4,"Vult duo cake cor n.03","11,00",6
7898417968791,4,"Vult duo cake cor n.02","11,00",7
7898417968814,4,"Vult duo cake cor n. 04","11,00",3
7898417962423,4,"Vult Sombra Pure Shine n. 01 Branco Cintilante","10,00",10
7898417962447,4,"Vult Sombra Pure Shine cor n.03 Azul Cintilante","10,00",6
7898417962454,4,"Vult Sombra Pure Shine cor n. 04 Marrom Cintilant","10,00",4
7898417962461,4,"Vult Sombra Pure Shine cor n. 05 Verde Cintilante","10,00",5
7898417962478,4,"Vult Sombra Pure Shine cor n.06 Pessego Cintilante","10,00",6
7898417962485,4,"Vult Sombra Pure Shine cor n. 07 Rosa Cintilante","10,00",8
7898417962492,4,"Vult Sombra Pure Shine cor 08 Dourado","10,00",9
7898417962515,4,"Vult Sombra Pure Shine cor n. 10  Lilas Cintilante","10,00",4
7898417962553,4,"Vult sombra pure shine cor n. 14 branco cintilante","10,00",6
7898417962539,4,"Vult sombra pure shine cor 12 marrom cintilante","10,00",6
7898417963123,4,"Vult po compacto cor  translucido","10,00",7
7898417963147,4,"Vult soleil po compacto bronzeador cor 02","10,00",8
7898417964083,4,"Vult  mascara  cilios savage lilas","15,00",2
7898417964076,4,"Vult Mascara Cilios Savage Azul","15,00",0
7898417964267,4,"Vult delineador liquido prova d'agua preto","12,00",6
7898417962607,4,"Vult lapiseira p/ olhos retratil  preto","12,00",12
7898417962614,4,"Vult lapiseira p/ olhos retratil marrom","12,00",0
7898417962621,4,"Vult lapiseira p/ olhos retratil azul","12,00",0
7898417962669,4,"Vult lapiseira p/ olhos retratil verde","12,00",0
7898417962676,4,"Vult lapiseira p/ olhos retratil lilas","12,00",3
7898417962690,4,"Vult lapiseira p/ olhos retratil branco","12,00",6
7898417962683,4,"Vult lapiseira p/ olhos retratil cor pele","12,00",13
7898417966247,4,"Vult lapis p/ sombrancelhas","12,00",6
7898417966278,4,"Vult lapis particulas gliter-  black diamond","14,00",21
7898417966261,4,"Vult Lapis Particulas Glit c/Gliter- Blue Diamond","14,00",12
7898490057986,5,"Duda Molinos P0 Compacto Mineral Cor Bege 01","38,50",6
7898490057993,5,"Duda molinos po compacto mineral cor bege 02","38,50",7
7898490058006,5,"Duda molinos po compacto mineral cor bege 03","38,50",6
7898490058082,5,"Duda molinos po compacto bronzeador iluminador","30,00",3
7898490058013,5,"Duda molinos po compacto mineral cor marrom 01","38,50",3
7898490058020,5,"Duda molinos po compacto mineral cor marrom 2","38,50",2
7898417962911,4,"Vult demaquiante oil free extratos algas marinhas","16,00",1
7898490058044,5,"Duda Molinos Po Compacto Mineral cor Rosa 01","38,50",7
7898490058051,5,"Duda molinos po compacto mineral cor rosa 02","38,50",8
7898490058068,5,"Duda molinos po compacto mineral cor rosa 03","38,50",8
7898490057009,5,"Duda molinos base liquida cor bege 01","24,00",2
7898490057016,5,"Duda molinos base liquida cor bege 02","24,00",3
7898490057023,5,"Duda molinos base liquida cor  bege 03","24,00",6
7898490057061,5,"Duda molinos base liquida cor rosa 01","24,00",2
7898490057078,5,"Duda molinos base liquida cor rosa 02","24,00",3
7898490057085,5,"Duda molinos base liquida cor rosa 03","24,00",5
7898490057030,5,"Duda molinos base liquida cor marrom 01","24,00",9
7898490057047,5,"Duda molinos base liquida marrom 02","24,00",7
7898490057566,5,"Duda molinos corretivo facial cor bege 01 (potinho","15,00",3
7898490057627,5,"duda molinos corretivo facial cor rosa 01(Potinho)","15,00",0
7898490057634,5,"Duda Molinos Corretivo Facial Rosa 02 (Potinho)","15,00",0
7898490057597,5,"Duda molinos corretivo facial cor marrom 01potinho","15,00",3
7898490057603,5,"Duda molinos corretiv facial cor marrom 02 potinho","15,00",9
7898417966742,5,"Duda molinos corret. facial cor01 caneta","30,00",1
7898490057696,5,"Duda molinos duo blush cor basic","35,00",0
7898490057689,5,"Duda molinos duo  blush  cor earth","35,00",7
7898490057719,5,"Duda molinos duo blush cor inocence","35,00",6
7898490057702,5,"Duda molinos duo blush cor fantasy","35,00",3
7898490058174,5,"Duda molinos sombra cor desert","22,00",4
7898490058204,5,"Duda molinos sombra cor brow stone","22,00",2
7898490058181,5,"Duda molinos sombra cor caxemira","22,00",2
7898490058143,5,"Duda molinos sombra cor saara","22,00",2
7898490058150,5,"Duda molinos sombra cor craft","22,00",3
7898490058167,5,"Duda molinos sombra cor pink","22,00",5
7898490057221,5,"Duda molinos batom - bikini","25,00",3
7898490057177,5,"Duda molinos batom - bossa","25,00",7
7898490057191,5,"Duda molinos batom - copacabana","25,00",8
7898490057375,5,"Duda molinos batom - cuba","25,00",2
7898490057351,5,"Duda Molinos Batom - Disco","25,00",7
7898490057344,5,"Duda Molinos Batom - Fire 306","25,00",4
7898490057337,5,"Duda molinos batom - lolita","25,00",3
7898490057276,5,"duda molinos batom - modern 230","25,00",5
7898490057160,5,"Duda molinos batom - pale","25,00",6
7898490057320,5,"Duda molinos batom - retro","25,00",4
7898490057238,5,"Duda molinos batom - tranta","25,00",2
7898490057283,5,"Duda molinos batom - tomato","25,00",6
7898503182742,4,"Vult extreme repair cabelos danificados serum","15,00",5
7898503182735,4,"Vult silver blond cab.loiros e grisalhos serum","15,00",3
7898503182766,4,"Vult  protection sun cab. expostos ao sol serum","15,00",5
7898503182728,4,"Vult control wave cabelos cacheados serum","15,00",7
7898503182759,4,"Vult  Intensive Liss Cabelos Alisados Serum","15,00",4
7898503182711,4,"Vult  protect color cabelos coloridos serum","15,00",4
7898503182094,4,"Vult Argan Oil  Shampoo","14,00",2
7898503182049,4,"Vult extreme repair cabelos danificados shampoo","8,00",1
7898503182032,4,"Vult silver blond cab loiros, grisalhos shampoo","8,00",0
7898503182087,4,"Vult protection sun cab.expostos sol shampoo","8,00",10
7898503182025,4,"Vult control wave cabelos cacheados shampoo","8,00",4
7898503182056,4,"Vult intensive liss cabelos alisados shampoo","8,00",2
7898503182018,4,"Vult protect color cabelos coloridos shampoo","8,00",0
7898503182070,4,"Vult Total Balance Shampoo Cab. Oleosos","8,00",0
7898503182148,4,"Vult extreme repair cabelos danificados condiciona","11,00",1
7898503182193,4,"Vult Argan Oil Condicionador","16,00",1,6,0,0,0,100,0,0,1,0
7898503182186,4,"Vult protection sun cab.expostos sol condionador","11,00",4
7898503182124,4,"Vult control wave cabelos cacheados condicionador","14,00",8
7898503182117,4,"Vult protect color cabelos coloridos condicionador","11,00",7
7898503182162,4,"Vult extend nutri cabelos normais condicionador","11,00",3
7898503182063,4,"Vult Extend Nutri  Cabelos Normais Shampoo","8,00",2
7898503182179,4,"Vult Total Balance Cond. Cabelos  Oleosos","11,00",6
7898503182278,4,"Vult argan oil  leave in","15,00",10
7898503182247,4,"Vult  Extreme Cabelos Danificados Leave In","13,00",6
7898503182261,4,"Vult protection sun cab.expostos ao sol leave in","13,00",2
7898503182230,4,"Vult silver blond cab loiros, grisalhos leave in","13,00",7
7898503182254,4,"Vult  Intensive Liss Cabelos Alisados Leave In","13,00",7
7898503182223,4,"Vult control wave cabelos cacheados leave in","13,00",3
7898503182216,4,"Vult protect color cabelos coloridos leave in","13,00",4
7898503182377,4,"Vult Argan  Mascara Cabelos Ressecados sem Vida","20,00",0
7898503182346,4,"Vult extreme repair cabelos danificados mascara","18,00",8
7898503182339,4,"Vult silver blond cab. loiros, grisalhos mascara","18,00",9
7898503182360,4,"Vult protection sun cab.exposto ao sol mascara","18,00",5
7898503182322,4,"Vult control wave cabelos cacheados mascara","18,00",6
7898503182353,4,"Vult intensive liss cabelos alisados mascara","18,00",7
7898503182315,4,"Vult protect color cabelos coloridos mascara","18,00",3
7898532694872,1,"Natura Chronos 45+ Sinais","65,00",0
7898532704601,1,"Natura Chronos Fluido Prot.Facial Ultraleve FPS60","64,00",0
7898517651494,1,"Natura Chronos Demaquiante Bifasico","52,50",0
7898532691147,1,"Natura Homem Hidr Multi Funcao 1,5 rosto 40g","52,00",2
7898506884094,1,"Natura Nature Vapt Vupt sh 2 em 1 Shampoo","13,50",0
7898528403556,1,"Natura Mamae Bebe Condicionador Suave","18,30",2
7898487299818,1,"Natura Nature Banho de Gato Lencos Limpeza","10,30",0
7898501069281,1,"Natura Ekos Castanha Polpa Hidr.Pes","23,80",1
7898528408315,1,"Natura Ekos Cacau Polpa Hidratante Maos","23,80",4
7898501065207,1,"Natura Tododia Cereja Avela Creme Hidratante Maos","14,80",48
7898501066501,1,"Natura Tododia cereja/avela sab.liquido","17,90",0
7898487298859,1,"Natura Tododia Alecrim e Salvia Sabonet barra 5un.","15,90",5
7898496310252,1,"Natura tododia frutas vermelhas sab.barra 5 un.","15,90",0
7898496315400,1,"Natura tododia macadamia creme hidr. pes","14,80",1
7898496315387,1,"Natura tododia macadamia creme hidr maos","14,80",0
7898501067065,1,"Natura Tododia Algodao Creme Hidratante  Pes","14,80",0
7898506885930,1,"Natura Faces Colonia Des Inspiradora","61,90",1
7898532699723,1,"Natura  Ekos Sabonetes Cremosos Sortidos 4 un.","16,90",0
7898506883844,1,"Natura Una  Blush Compacto RF - Rosa","69,50",0
7898528409251,1,"Natura Una Pallete Sombras RF cor 02",0
7898501062152,1,"Natura Una Lapis kajal  Olhos","25,90",0
7898532692328,1,"Natura Una Estojo Pallete Sombras RF","58,00",0
7898506883813,1,"Natura Una Estojo Blush RF",2,0
7898501061803,1,"Natura Una Batom  Intenso Rosa","35,80",0
7898532696241,1,"Natura Una Gloss Verniz Cor Boca","32,60",0
7898480578132,3,"Jequiti Fyo professional control volume shampoo","17,90",2
7898480570785,3,"Jequiti Eu Sinto Colonia Deso Splash Ambar","27,90",2
7898480577241,3,"Jequiti Eu Desperto Locao Hidra Corpo Jabuticaba","19,80",3
7898480570761,3,"Jequiti eu sinto locao hidr. corp. ambar","19,80",3
7898513040469,3,"Jequiti vida e alegria sabonete barra flor laranj.","14,90",0
17898513040445,3,"Jequiti vida tropical sabonete  barra 03 un","14,90",0
17898513040179,3,"Jequiti vida e alegria flor laran creme maos 50g","13,50",0
17898553762833,3,"Jequiti Eu Desperto Creme Maos 50g","10,90",0
17898553763021,3,"Jequiti ervadice mais  creme maos e.doce 50g","10,90",0
17898553766206,3,"Jequiti ervadocemais camomila creme maos","10,90",0
17898553763045,3,"Jequiti ervadocemais pimenta rosa c.maos","10,90",0
17898516070661,3,"Jequiti aviva lapis ilum.contorno olhos","19,90",1
17898553761096,3,"Jequiti aviva lapis sombrancelhas","19,80",6
17898480570280,3,"Jequiti Aviva Lapis Ultrafixacao Preto","22,50",20
17898480578057,3,"Jequiti Fyo Professional Liso Perfeito Shampoo","17,90",2
17898532694919,1,"Natura Chronos 60+ sinais","69,00",4
17898532694926,1,"Natura Chronos 60+ sinais RF","52,50",4
17898487296459,1,"natura aquarela batom cor 18","14,90",0
17899089422451,2,"Avon Naturals Creme Maos Erva Doce 50g","7,00",0
17899089429047,2,"Avon Naturals Morango Choc Branco Creme Maos","7,00",3
17899089416245,2,"Avon Care Silicone Creme Maos 130g","11,00",21
17899089412513,2,"Avon surreal garden desod roll on","4,20",0
17899089444088,2,"Avon Renew Perfect Cleanser Gel Limp Facial","24,00",3
17899089415989,2,"avon naturals sabonete liq. lichia/violeta",1,0
17899089424387,2,"Avon Naturals sabonete liq. morango choc branco",1,0
17899089418683,2,"Avon Naturals sabonete liq nozes/ acucar",1,2
17899089425513,2,"Avon Naturals Mascara Nutritiva Coco e Acai","14,00",7
17899089428729,2,"Avon Naturals Mascara de Brilho Guarana-Mel","14,00",3
17899089427142,2,"Avon Solutions Clean Creme Rem Maquiagem","12,00",4
17899089414661,2,"Avon 015 Colonia Deo Spray","32,00",3
17899089435673,2,"Avon colortrend po compacto - bege medio","19,00",3
17899089435659,2,"Avon Colortrend po compacto cafe medio fps 10","19,00",0
17899089437103,2,"Avon colortrend trio sombras lilas glamour","19,00",1
17899089436434,2,"Avon colortrend corretivo liquido-bege medio","11,00",3
17899089436441,2,"Avon colortrend coretivo liquido natural","11,00",3
17899089437004,2,"Avon Colortrend Base Bastao Bege Claro","16,00",4
17898490057641,5,"Duda molinos corretivo facial cor rosa 03(potinho)","15,00",4
17898490057573,5,"Duda molinos corret.facial bege 02(potinho)","15,00",6
17898417966759,5,"Duda molinos corret.facial cor 02 -caneta","30,00",1
17898490057290,5,"Duda molinos batom cassino","25,00",3
17898490057269,5,"duda molinos batom soho","25,00",3
17898490057252,5,"duda molinos batom diva","25,00",8
17898490057306,5,"Duda Molinos Batom Samba","25,00",7
17898503182131,4,"Vult silver blond cab loiros,grisalhos condicionad","14,00",1
17898503182155,4,"Vult intensive liss cabelos alisados condicionador","11,00",5
17898490059812,4,"Vult tonico facial extrato aloe vera","16,00",1
17898417962935,4,"Vult demaquiante bifasico p/maquiagem provad'agua","22,00",7
17898490058303,5,"Duda molinos sombra em po -xanadu","22,00",1
17898490058259,5,"Duda molinos sombra em po - pumpkin","22,00",2
17898490058228,5,"Duda molinos sombra po- noir","22,00",1
17898490058235,5,"Duda molinos sombra po - violet","22,00",3
17898490058211,5,"Duda molinos sombra po - snow","22,00",4
17899089410403,2,"Avon Renew Clinica Luminosity pro Creme Clareador 30g","55,00",3
178926152,2,"Avon  Renew Clinical Microesfoliante Facial","25,00",0
17899089422604,2,"Avon foot works creme hidr pes extrasecos","15,00",0
17899089423588,2,"Avon Advance Anticaspa Shampoo Controle de Oleosi","11,00",2
17899089408356,2,"Avon Colortrend  Batom -Avela","9,00",4
17899089421133,2,"Avon colortrend masc cilios curvas perfeiitas","16,00",6
17899089418362,2,"Avon naturals sab.cremos guarana/mel",1,1
17899089418379,2,"Avon naturals sab.cremoso morango/goiaba","8,99",1
17899089414371,2,"Avon naturals erva doce sab.cremoso","8,99",0
17899089423595,2,"Avon Solutions Cellu-Defy Creme Anticelulite","45,00",1
17899089408837,2,"Avon solutions clareador maos combros,colo","15,00",1
17899089403740,2,"Avon pincel p/ blush","19,00",4
17899089416405,2,"Avon pincel p/ base","32,00",3
17899089403191,2,"Avon Ideal Shade Po  Compacto  Bronze","30,00",8
178913502,2,"Avon Titanium Dynamic Cfolonia Desodorante","21,00",2
17898473132525,1,"Natura Tododia Pessego  Hidra Corporal","29,80",8
17898496316643,1,"Natura Tododia Frutas Vermelhas Hidr Corporal 400m","29,80",2
17898528402207,1,"Natura Humor Paz e Humor Desod Spray RF","16,20",1
17898528402191,1,"Natura Humor Paz e Humor Desod Spray","20,70",1
17898447683374,1,"Natura Biografia Desod Spray Feminino","20,70",0
17898506878956,1,"Natura biografia volume 2 fem desod spray","20,70",1
17898517653566,1,"Natura Tododia Algodao Sabonete Liquido","17,90",0
17898460855192,1,"Natura Aguas Musc Sandalo Agua de Colonia 300 ml","66,30",0
17898513042128,3,"Jequiti eu quero shampoo cab oleosos","10,90",0
17898513042135,3,"Jequiti eu desperto cond. cab secos","11,60",0
17898513042142,3,"Jequiti eu sinto cond. cab normais","11,60",0
17898548804678,1,"Natura Ekos Cheiro Moca Bonita Oleo Trifasico","51,80",0
17898501069311,1,"Natura Ekos Andiroba Fluido Massagem","41,80",0
17898528403617,1,"Natura Mamae Bebe Locao Hidr Oleo Passiflora","27,60",1
17898528403587,1,"Natura Mamae Bebe Sab Liquido Glicerinado","22,80",0
17898532708425,1,"Natura Faces Sombra Trio - Azul rock","19,90",0
17898528403693,1,"Natura MB Emulsao Auxiliar na Prevencao de Estrias","43,20",0
17898548819009,1,"Natura Ekos Barra Sabonete Refres Maracuja 4un","21,90",4
17898506870059,1,"Natura Faces Superstilo Deso Spray RF","16,00",0
17899089447829,2,"Avon Nail Experts Oleo Secagem","6,00",16
17899089426299,2,"Avon glow Po Compacto Bronzeador Efeito Bronzeado","49,00",4
17898460853358,1,"Natura chronos 30 + tripla firmeza dia","47,50",0
17899089429269,2,"Avon Glow Quarteto de Sombras Cintilantes Aveludad","37,00",5
17899089424622,2,"Avon On Duty Women Powder","4,19",4
17899089420013,2,"Avon On Duty Women Fresh","4,19",4
17899089424264,2,"Avon musk oxigen colonia desodorante","17,00",0
17899089436267,2,"Avon Glow Mascara Cilios  Gel 2 em 1","22,00",4
17899089435550,2,"Avon Colortrend Brilho Labial Rolete Framboesa","10,00",5
17899089435710,2,"avon colortrend brilho rolete morango","10,00",0
17899089442893,2,"Avon glow gloss labial - coral","16,00",7
17899089429580,2,"Avon Colortrend  Sombra em Barra- Azul Metalico","13,00",11
17899089434317,2,"Avon colortrend ssombra em barra - roxo metalico","13,00",12
17899089439398,2,"Avon colortrend sombra em barra- grafite metalico","13,00",9
17899089434300,2,"Avon colortrend sombra em barra- dourado metalico","13,00",9
17898490057580,5,"Duda molinos corretivo facial  bege 03 (potinho)","15,00",8
17899089446730,2,"Avon Ultra Color Rich Briliance -Rosado","19,00",4
17899089446754,2,"Avon Ultra Color Rich Briliance- Vinho","19,00",4
17899089429207,2,"Avon Ultra Color Rich Briliance  -Vermelho Luxo","19,00",2
17899089427548,2,"Avon Ultra Color Rich Briliance Ameixa","19,00",1
17899089427531,2,"Avon Ultra Color Rich Briliance Rosa Suave","19,00",1
17899089427562,2,"Avon Ultra Color Rich Briliance -Coral","19,00",0
17899089446761,2,"Avon Ultra Color Rich Briliance- Bronze","19,00",4
17899089446747,2,"Avon Ultra Color Rich Briliance-Pink","19,00",4
17899089443357,2,"Avon Ideal Flawless Base Liquida- Avela","45,00",3
17898417965394,4,"Vult blush compacto -cor 05 rosa","12,50",3
178912323,2,"Avon Chypre Colonia Refrescante","17,00",0
17898490058099,5,"Duda molinos po compacto cor iluminador 01","38,50",7
178912051,2,"Avon Surreal Garden Colonia Desodorante","41,00",3
17899089401296,2,"Avon Renew Batom  Rosa Cetim","37,00",0
17899089401241,2,"Avon Renew Batom  Avela","37,00",0
17899089401258,2,"Avon Renew Batom cor Boca","37,00",0
17899089407519,2,"Avon ultra color rich ouro batom malva ouro","24,00",4
17899089434737,2,"Avon naturals sabonete liq.morango/choc branco","16,00",0
17899089414395,2,"Avon erva doce sabonete cremoso 6un","9,99",1
17899089414999,2,"Avon naturals sabonete crem 02 un","8,99",1
17898548810570,1,"Natura Chronos Hydra Protecao Diario Rosto","34,00",1
178912326,2,"Avon Baby Smell Brisa Colonia Refrescante 400 ml","17,00",1
17898563820599,1,"Natura Fotoequilibio Locao Prot Bebe FPS 60","48,70",1
17899563820315,1,"Natura Fotoequilibrio Locao Prot.Facial FPS 30","31,70",0
17898422497293,1,"Natura Biografia Feminino Deso  Spray RF","16,50",0
17898548803268,1,"Natura Homem Aquagel Pos Barba Textura Leve","24,00",2
17898447683428,1,"Natura Sintonia Total Desodorante Spray Masculino","20,70",1
17898548813304,1,"Natura Sintonia Noite Deso Masculino","20,70",0
17898447689338,1,"Natura Plant Anticaspa RF","11,80",0
17898473147581,1,"Natura plant limpeza profunda shampoo RF","9,10",2
17898517652705,1,"Natura Plant Hidra Reparadora Creme Noturno","23,90",4
17898501068253,1,"Natura Tododia Alecrim/Salvia Sabonete Liquido","17,90",0
17899089435581,2,"Avon colortrend lapis delin. - azul","9,00",18
17898417965356,4,"Vult Blush Compacto  01","12,50",2
17899089427838,2,"Avon Ultra Color Rich Nude Matte","16,00",0
17899089442275,2,"Avon ideal flawless base compacta-bege rosado RF","22,00",12
17899089442282,2,"Avon ideal flawless base compacta-marrom claro RF","22,00",8
17899089442329,2,"Avon ideal flawless base compacta -bege medio RF","22,00",9
17899089442268,2,"avon ideal flawlwess base compac  bege natural RF","22,00",7
17899089442299,2,"Avon ideal flawless base compacta - bronze RF","22,00",13
17899089442305,2,"Avon ideal flawless base compacta - mel - RF","22,00",9
17899089429931,2,"Avon Renew Ultimate Complexo Contorno Olhos","42,00",1
17899089429917,2,"Avon Renew ultimate - dia Novo","65,00",0
17899089434690,2,"Avon foot works gel esfoliante","12,00",0
17899089434706,2,"Avon foot works gel revitalizante pes","14,00",2
17899089413527,2,"Avon Baby Colonia sem Alcool","15,00",1
17899089431163,2,"Avon Today Tomorrow Forever desodorante colonia","60,00",0
17899089417907,2,"Avon disney carros colonia  meninos","7,90",1
17899089417860,2,"Avon disney carros gel p/ cabelos","6,90",0
17899089419055,2,"Avon Barbie Colonia Perfumada","25,00",2
17899089419765,2,"Avon sun protetor solar facial FPS 30 bisnaga","22,00",0
17899089422383,2,"Avon hydraseduction brilho labial  - pink","16,00",8
17899089425735,2,"Avon Colortrend Brilhoc/Gliter Rolete Pessego","10,00",0
17899089444798,2,"Avon glimmersticks lapis labial cor boca","16,00",6
17899089429955,2,"Avon renew ultimate creme limpeza facial novo","24,00",5
17899089429887,2,"Avon renew ultimate seum concentrado","115,00",2
17899089453820,2,"Avon summer bronze  po bronzeador","49,00",0
17899089430227,2,"Avon ideal luminous blush po malva","30,00",2
17899089410267,2,"Avon Clearskin Gel Facial Limpeza Profunda 90g","13,00",0
17899089419390,2,"Avon mega impact duo sombras- preto","22,00",0
17899089403511,2,"Avon Colortrend Sabor Aroma Brilho  Tutti Fruti","7,00",0
17899089435543,2,"avon colotrend sabor aroma morango","7,00",2
17899089435802,2,"Avon colortrend sabor aroma brilho cereja","7,00",6
17899089435819,2,"Avon colortrend sabor aroma brilho chocolate",1,6
17898490056675,5,"Duda molinos caneta delineadora olhos black","34,00",0
17898532700207,1,"Natura Aquarela Blush duo Cor 02",2,3
17898532709132,1,"Natura Aquarela Blush Trio - cor 01","29,90",3
17898532709149,1,"Natura Aquarela Blush Trio cor 02","29,90",2
17898532709002,1,"Natura Aquarela Batom cor 01","17,90",0
17898532690454,1,"Natura Faces Delinear p/Olhos","17,90",0
17898417962096,4,"Vult Sombra Duo Cor 09","10,00",0
17898417962034,4,"Vult Sombra Duo cor 03","10,00",6
17898417962072,4,"Vult Sombra Duo cor 07","10,00",6
17898417962027,4,"Vult Sombra Duo cor 02","10,00",6
17898417962089,4,"Vult Sombra Duo cor 08","10,00",6
17898417962058,4,"Vult Sombra Duo cor 05","10,00",6
17898417961372,4,"Vult Batom cor 37","8,00",0
17898417961242,4,"Vult Batom cor 24","8,00",0
17898417961211,4,"Vult Batom cor 21","8,00",0
17898417961150,4,"Vult Batom cor 15","8,00",0
17898417961327,4,"Vult Batom cor 33","8,00",0
17898417961013,4,"Vult Batom cor 01","8,00",0
17898417961389,4,"Vult Batom cor 38","8,00",0
17898548813311,1,"Natura Sintonia Noite Desodorante RF","16,20",0
17898417961297,4,"Vult Batom cor 29","8,00",0
17898417961440,4,"Vult Batom cor 44","8,00",4
17898417961143,4,"Vult Batom cor 14","8,00",0
17898417961174,4,"Vult Batom  cor 17","8,00",6
17898417962508,4,"Vult Sombra Pure Shine cor 09  Marrom Metalico","10,00",6
17898417962522,4,"Vult sombra pure  shine cor 11 lilas","10,00",6
17898417962546,4,"Vult sombra pure shine cor 13 preta","10,00",3
17898417961365,4,"Vult Batom cor 36","8,00",6
17898417961419,4,"Vult Batom cor 41","8,00",6
17898417961068,4,"Vult Batom cor 06 Marrom Metalico","8,00",1
17898528403563,1,"Natura Mamae Bebe Condicionador Suave RF","14,60",0
17898532705028,1,"Natura Tododia Algodao Spray Corporal","34,00",0
17898532705035,1,"Natura Tododia Frutas Vermelhas Spray Corporal","34,00",11
17898532705011,1,"Natura Tododia Macadamia Spray Corporal","34,00",17
17898528403198,1,"Natura Ekos Buriti Oleo Trifasico","51,80",0
17898548815261,1,"Natura Chronos Hydra Protetor Diario Rosto -Noite","34,00",1
17898503182773,4,"Vult argan oil serum","22,00",10
17898506877263,1,"Natura Erva Doce Sabonte em Barra 3un.","9,70",0
17898548806979,1,"Natura ekos Buriti Frescor com Oleo Buriti","59,80",0
17898487301634,1,"Natura Chronos Creme Contorno  dos Labios","57,50",0
17899089407854,2,"Avon Musk Marine Creme Barbear","9,00",2
17899089422925,2,"Avon Musk Orxigen Creme Barbear","9,00",2
17899089415521,2,"Avon Advance Tech Prof Hair Color 8.1 Louro Claro","15,99",1
17899089444774,2,"Avon glimmersticks- delin olhos azul petroleo","16,00",8
17899089444781,2,"Avon glimmersticks del.olhos -marrom","16,00",4
17899089427807,2,"Avon Ultra Color Rich Matte Vermelho","16,00",2
17899089403436,2,"Avon Ultra Color Extra Volume Batom  Golden","19,00",5
17899089403443,2,"Avon Ultra Color Extra Volume  Batom  Choco Kiss","19,00",3
17899089403382,2,"Avon Ultra Color Extra Volume Batom - Pillow","19,00",3
17899089403429,2,"Avon Ultra Color Extra Volume Batom Apricot","19,00",3
17899089403405,2,"Avon Ultra Color Extra Volume Batom Winerose","19,00",4
17899089403474,2,"Avon Ultra Color Extra Volume Batom Lilac","19,00",3
17899089403412,2,"Avon Ultra Color Extra Volume Batom Rose","19,00",3
17899089416931,2,"Avon ultra color colordisiac batom sexy","20,00",2
17899089416955,2,"Avon Ultra Color Colordisiac Batom Atraction","20,00",5
17899089416979,2,"Avon ultra color colordisiac batom irresistible","20,00",2
17899089444804,2,"Avon glimmersticks lapis labial-capucino","16,00",6
17899089444811,2,"Avon glimersticks lapis labial bordo","16,00",7
17898528407998,1,"Natura Plant Control Oleosidade Condicionador RF","11,70",0
17898532691659,1,"Natura Plant Cachos Marcantes Condicionador RF","11,70",0
17898473147482,1,"Natura Plant Prot Relace cor Condi.Cast Claro RF","13,80",0
17898490057214,5,"Duda molinos batom manaus","25,00",8
17898417964069,4,"Vult mascara p/cilios incolor","15,00",0
17898417965790,4,"Vult sombra uno - cor 28 azul claro","7,00",0
17898417965738,4,"Vult Sombra uno cor 22 laranja","7,00",6
17898417965684,4,"Vult sombra uno cor 17 branco","7,00",0
17898490057092,5,"Duda molinos base liquida translucida","24,00",1
17898490057818,5,"Duda molinos gloss -twin peaks- bege","17,50",5
17898490057801,5,"Duda molinos gloss labial OZ-pink","17,50",5
17898490057849,5,"duda molinos gloss blood - cor boca","17,50",5
17898490057792,5,"Duda molinos gloss labial- Fanny- rosa bebe","17,50",2
17898490057825,5,"Duda molinos gloss labial Hollywood - rosa queimad","17,50",4
17898417968616,5,"Duda molinos lapis labial - cor 01 natural","13,50",0
17898417968630,5,"Duda molinos lapis labial cor 03 rose","13,50",5
17898417968647,5,"Duda molinos lapis labial- rubi","13,50",5
17898417965691,4,"Vult sombra uno cor 18 preta","7,00",12
17898501069571,1,"Natura Tododia Erva Cidreira Hidra Corporal","29,80",1
17898528407677,1,"Natura SRN Desodorante Colonia Masculino","74,30",0
17898528408957,1,"Natura Ekos Cacau Shampoo RF","11,90",0
17898506875757,1,"Natura Essencial Exclusivo Eau Deparfum  100ml","139,00",0
17898548800021,1,"Natura Ekos Pitanga Sabonete em Barra (novo)","4,50",0
17898506874026,1,"Natura Tododia Hidrat Corporal  Pessego  RF","23,80",1
17898506874040,1,"Natura Tododia Hidrat Corporal Frutas Vermelhas RF","23,80",0
17898506874019,1,"Natura Tododia Macadamia Hidra Corporal RF","23,80",0
17898532706230,1,"Natura Tododia Amora/Amendoa Hidra Corporal RF","23,80",0
17898528409671,1,"Natura Tododia Orquidea Hidra Corporal RF","23,80",0
17898422497798,1,"Natura kaiak Desodorante Feminino RF","16,20",0
17898422497255,1,"Natura kaiak Desodorante Feminino (Completo)","20,70",3
17898473147468,1,"Natura Plant Prot Realce Cor Cab.Loiros Condiciona","13,80",0
17898548819238,1,"Natura Tododia Sabonete Barra Jasmim 5uni","15,90",8
17898548808485,1,"Natura Plant Revital Pos Quimica Shampoo RF","9,10",0
17898548808508,1,"Natura Plant Revital Pos Quimica Condicionador","10,90",0
17898548819245,1,"Natura Tododia Jasmim Sabonete Liquido","17,90",2
17898532698184,1,"Natura Tododia Jasmim Hidr Corporal","29,80",23
17898532702270,1,"Natura Faces Batom Rosa Suave","9,90",2
17898528407387,1,"Natura Ekos Buriti Sabonete em Barra","4,50",0
17898532702256,1,"Natura Faces Batom Coral Doce","9,90",0
17898417966261,4,"Vult lapis delineador olhos c/gliter blue diamond","14,00",21
17898490059676,4,"vult primer HD","21,00",0
17899089438445,2,"Avon Colortrend Base Liquida -Mel","15,00",0
17899089438452,2,"Avon colortrend base liquida -bege medio (novo)","15,00",2
17899089438476,2,"Avon Colortrend Base Liquida Bege Claro","15,00",2
17899089419161,2,"Avon extra lasting po facial-  mel","34,00",2
17899089419215,2,"Avon extra lasting po facial - cor bege","34,00",1
17899089419185,2,"Avon extra lasting po facial cor bege medio","34,00",1
17899089419192,2,"Avon extra lasting po facial Bege Claro","34,00",1
17899089424035,2,"Avon solutions antiage day creme revitalizante","29,00",0
17899089435826,2,"Avon colortrend sabor aroma brilho labial laranja","7,00",6
17899089408363,2,"Avon colortrend batom marajoara","9,00",1
17899089408332,2,"Avon colortrend batom vinho purpura","9,00",2
17899089419444,2,"Avon colortrend pop love tutti fruti","9,00",0
17899089438261,2,"Avon colortrend pop love melancia (novo)","9,00",6
17898532699730,1,"Natura Ekos Sabonetes Esfoliantes Sortidos 04 un","16,90",0
17899089435598,2,"Avon colortrend lapis delineador marrom","9,00",11
17899089422376,2,"Avon Musk Energy Creme Barbear","9,00",1
17899089422802,2,"Avon Skin So Soft Deo Aerosol Redutor Pelos","9,99",2
17899089422796,2,"Avon skin so soft des.aerosol calreador axilas","9,99",2
17899089442350,2,"Avon ideal flawless base comp.bege claro RF","22,00",2
17899089442312,2,"avon ideal flawless base comp avela RF","22,00",4
17899089439145,2,"Avon colortrend esmalte deliciosa","2,90",0
17899089428910,2,"Avon Colortrend Esmalte Enfim Sexta","2,90",2
17899089428897,2,"avon colortrend esmalte segunda de paetes","2,90",0
17899089444415,2,"Avon colortrend esmalte terca happy hour","2,90",11
17899089428903,2,"Avon colortrend esmalte quarta de classicos","2,90",8
17899089428880,2,"Avon colortrend esmalte quinta contagem","2,90",0
17899089438971,2,"Avon colortrend esmalte castelo de areia","2,90",0
17899089425940,2,"Avon Naturals Framboesa /Hibisco Shampoo","5,99",0
17899089442879,2,"Avon Naturals Condicionador Framboesa Hibisco","7,99",1
17899089422758,2,"Avon naturals erva doce locao hdir. corpo","15,00",1
17899089451710,2,"Avon care Firming Lotion Hidr. Firmeza","10,00",0
17899089430791,2,"Avon Care Summer Fresh Hidra Refrescante","10,00",0
17899089415620,2,"Avon Far  Away Deio Colonia Spray","48,00",1
17899089420044,2,"Avon renew derma-fuul serum preenchimento facial","110,00",1
178912616,2,"Avon  Active Colonia Refres Deo Masculina","16,00",0
17899089403641,2,"Avon Renew Po Compacto-Claro","54,00",1,1,0,0,0,100,0,0,1,0
17899089403658,2,"Avon Renew Po Compacto  Medio","54,00",3
17899089403634,2,"Avon Renew Po Compacto Natural","54,00",1
17899089425216,2,"Avon Clearskin Prof Locao de Roll-on  de  Acne","18,00",0
17899089410304,2,"Avon Clearskin Gel Secativo","6,00",21
17899089436625,2,"Avon ColorTrend Blush Compcto Rosado","17,00",5
17899089453264,2,"Avon Sabonete Liq.intimo Simply Delicate cool","8,00",6
17899089438285,2,"Avon ColorTrend Deli n Sombra Azul Marino Metalico","11,00",4
17899089443739,2,"Avon Super Extend Extreme Mascara Cilios Preta","26,00",13
17899089418898,2,"Avon extra lasting batom cereja","19,00",0
17899089418881,2,"Avon extra lasting batom uva","19,00",3
17899089418850,2,"Avon extra lasting  batom rosa intenso","19,00",7
17899089418874,2,"Avon extra lasting batom rose","19,00",4
17899089437714,2,"Avon Ultra Color Rich Colordisiac -Desire","20,00",2
17899089442800,2,"Avon ultra color colordisiac batom spicy","20,00",4
17899089437615,2,"Avon Ultra Color Rich Colordisiac Fatale","20,00",2
17899089429252,2,"Avon colortrend brilho labial romantica","12,00",7
17899089429214,2,"Avon colortrend brilho labial rosa charme","12,00",7
17899089429238,2,"Avon colortrend brilho labial -atrevida","12,00",7
17899089429245,2,"Avon colortrend brilho labial sedutora","12,00",7
17899089452410,2,"Avon Simply Delicate  Floral Sabonete Intimo","11,90",1
17898513041077,3,"Jequiti Fyo profissional prot.ilum.cor condiciona","14,80",3
17898513041060,3,"Jequiti Fyo profissional prot.ilum.cor shampoo","14,80",2
17898516075123,3,"Jequiti eu desejo locao hidr. desod corporal","27,90",2
17898516075178,3,"Jequiti Eu Sinto Locao Hidra Corporal Refil","22,90",2
17898516075130,3,"Jequiti eu desperto locao hidr desod.corporal RF","22,90",3
17898516075154,3,"Jequiti eu beijo locao hidr.corporal refil","22,90",2
17898516075147,3,"Jequiti eu devoro locao hidr.corporal RF","22,90",1
17898516075116,3,"Jequiti eu provoco locao hidr corporal RF","22,90",1
17899089407427,2,"Avon colortrend base liquida marrom","15,00",4
17898506887200,1,"Natura Vovo Desodorante Colonia","83,10",2
17898417963154,4,"Vult soleil po compacto bronzeador cor 03","12,00",10
17898417962317,4,"Vult Sombra Pure Shine cor 15","10,00",6
17898417962331,4,"Vult Sombra Pure Shine cor 17","10,00",0
17898417962355,4,"Vult Sombra Pure Shine cor 19","10,00",0
17899089404860,2,"Avon CollorTrend Base em Bastao-Cafe(Cinza)","16,00",0
17899089435918,2,"Avon naturalsl ocao corpo maca caramelada","15,00",1
17899089416481,2,"Avon naturals cocao corpo lichia /violeta","15,00",0
17899089417365,2,"Avon naturals locao corpo amendoas / leite","15,00",1
17899089417716,2,"Avon naturals locao corpo nozes/acucar","15,00",0
17899089419772,2,"Avon Sun Gel Hidra Refresc. Pos Sol","17,00",1
17898490058464,5,"Duda molinos sombra  cor solar","22,00",0
17898417963338,4,"Vult gloss labial cor 03 (cor boca cintilante)","11,00",3
17898417963352,4,"Vult gloss labial cor 05 rosa cintilante","11,00",6
17898417963420,4,"Vult gloss labial cor12 bordo","11,00",8
17898417963444,4,"Vult gloss labial cor 14 rosa queimado","11,00",3
17898417963468,4,"Vult gloss labial cor 16 dourado","11,00",3
17898417963369,4,"vult gloss labial cor 06 rosa cintilante","11,00",3
17898417961037,4,"Vult Batom cor 03","8,00",0
17898417961266,4,"Vult Batom cor 26","8,00",0
17898417961310,4,"Vult Batom cor 31","8,00",0
17898417961341,4,"Vult Batom cor 34","8,00",0
17898417961532,4,"Vult Batom cor 53","8,00",0
17898490056293,4,"vult batom cor matte cor 02","10,00",0
17898490056330,4,"vult batom cor matte 06","10,00",0
17898490056354,4,"vult batom matte cor 08","10,00",0
17898490056361,4,"Vult batom matte cor 09","10,00",0
17899089429382,2,"Avon Magix Corretivo dos Olhos-Claro","22,00",2
17899089429375,2,"Avon Magix Corretivo dos Olhos- Escuro","22,00",1
17899089438438,2,"Avon ColorTrend Base liquida Porcelana","15,00",1
17899089442909,2,"Avon Glow Gloss Labial Extra Violeta","16,00",3
17899089418515,2,"Avon ColorTrend Lapis Delinea Olhos Preto","9,00",1
17899089436397,2,"Avon ColorTrend Lapis Sombra Olhos Rosa Claro Rosa","13,00",6
17899089436342,2,"Avon ColorTrend Lapis Sombra Olhos Azul Celeste","13,00",2
17899089436366,2,"Avon ColorTrend Lapis Sombra Olhos Marron Marron","13,00",3
17899089436403,2,"Avon ColorTrend Lapis Sombra Olhos Verde Verde Esm","13,00",4
17899089436380,2,"Avon ColorTrend Lapis Sombra Olhos Prata Acero","13,00",0
17899089436373,2,"Avon ColorTrend Lapis Sombra Cappuccino","13,00",2
17898506882953,1,"Ekos Natura Hidrat Corpo Buriti RF","32,20",1
17898532692021,1,"Natura Una Baton Perola Lapis Labial Rosa","35,80",0
17898532695718,1,"Natura Una Baton Perola lapiz Labial Laranja","35,80",0
17898548800137,1,"Natura Una Baton Perola Lapiz Labial Coral","35,80",0
17898528407974,1,"Natura Plant Controle de Oleosidade Shampoo","10,60",0
17898548808478,1,"Natura Plant Revita Pos-Quimica Shampoo","10,60",0
17898506878963,1,"Natura Biografia Volume 2 Deso Femenino","16,20",0
17898528408995,1,"Natura Sintonia Noite Deso Colonia Masculina","83,90",2
17898548808515,1,"Natura Plant Revitalizacao Pos-Quimica Mascara","29,90",0
17898548801547,1,"Natura Homem NH Deso Roll-On Protecao Suave","14,90",1
17898548817791,1,"Natura Faces Baton Lapis Boca Estilo","10,60",5
17898548817760,1,"Natura Faces Baton Lapis Rosa Impacto","10,60",0
17898548817777,1,"Natura Faces Baton Lapis Rosa Incrivel","10,60",0
17898548817784,1,"Natura Faces Baton Lapis Vermelho Chique","10,60",0
17898528403655,1,"Natura Mamae e Bebe Sabonete Vegetal com Oleo","13,90",1
17898553766473,3,"Jequiti Aviva  Cor Toquio Esmalte Cremoso","4,90",1
17898553766435,3,"Jequiti Aviva  Cor Aruba Esmalte Cremoso","4,90",2
17898553766459,3,"Jequiti Aviva Cor  Acapulco Esmalte Cremoso","4,90",0
17898553769559,3,"Jequiti Aviva  Cor Ibiza Esmalte Cremoso","4,90",3
17898553766480,3,"Jequiti Aviva  Cor Texas Esmalte Cremoso","4,90",1
17898553766428,3,"Jequiti Aviva  Cor California Esmalte Cremoso","4,90",1
17898553766442,3,"Jequiti Aviva  Cor Caribe Esmalte Cremoso","4,90",0
17898553766572,3,"Jequiti Aviva  Cor Noronha Esmalte Cremoso","4,90",0
17898553766466,3,"Jequiti Aviva  Cor Malta Esmalte Cremoso","4,90",1
17898513047215,3,"Jequiti Eu Beijo Colonia Deo Splash Tutti-Frutti","27,90",0
17898480577258,3,"Jequiti Eu Desperto Colonia Deo Jabuticaba","27,90",0
17894316074164,3,"Jequiti Aviva Pre-Maquiagem Suaviza Linhas e Poros","25,90",2
17898513042067,3,"Jequiti Eu Sinto Sabonete Vegetal Hidra em Barra","3,90",24
17898513042081,3,"Jequiti Eu Desperto Sabonete Vegetal Hidra em Barr","3,90",0
17898513042074,3,"Jequiti Eu Desejo Sobonete Vegetal Hidra em Barra","3,90",17
17898528407967,1,"Natura Plant Contr de Oleosid Shampoo Extr Moringa","9,90",0
17899563822814,1,"Natura Ekos Pitanga Amarela Frescor com Oleo Essen","59,80",0
17898548813342,1,"Natura Una Deo Parfum","149,00",0
6938294650462,6,"UBU Pincel para Esfumar Sombras Holy Smoke Unica",9,"7,50",6
178929327,6,"Ubu Pincel Delineador de Olhos Drama Queen Unica",9,0
6938294650288,6,"UBU Pincel para Bronzer e Iluminador Bronze Bombsh",9,"12,80",10
6938294650745,6,"UBU 12 Esponjas de Banse Doll Face Unica",9,"21,50",13
6938294650363,6,"UBU Apontador de Lapis de Maquiagem Diva Duo",9,"12,00",26
841850011026,7,"QVS Pincel Retratil para Labios  Unica",8,"12,00",5
6938294650295,6,"UBU Pincel  Para Base Glow Stick Unica",9,"21,90",7
6938294650646,6,"UBU Kit de Pinceis para Olhos Smoke Screens Inica",9,"25,50",13
841850010685,7,"QVS Esponjas Retangulares Compactas para Base Unic",8,"8,00",17
6938294650851,6,"UBU Kit de Pinceis Unica",9,"84,70",9
6938294650691,6,"UBU Kit Famous Five Unica",9,"67,00",15
6938294650660,6,"UBU Pincel Smudge Kitten Unica",9,"7,00",5
6938294650486,6,"UBU Espelho com Iluminacao Unica","24,90",8
6938294650271,6,"UBU Pincel Chanfrado para Blush Berry Blush",9,"21,90",5
6938294650653,6,"UBU Espelho Compacto Lookie Unica",9,"22,00",14
6938294650264,6,"UBU Pincel Kabuki Crush Unica",9,9
6938294650325,6,"UBU Leque Limpador Fancee  ME Unica",9,"9,00",4
6938294650349,6,"UBU Pincel para Corretivo Undercover Lover Unica",9,"9,00",2
6938294650684,6,"UBU Pincel Eyemazing Unica",9,"13,00",3
17898930771410,8,"Oceane Delineador Femme Unica Preto",7,"20,00",26
17898930771793,8,"Oceane Delineador Femme Blue Azul",7,"20,00",2
17898925598220,8,"Oceane Lencos Removedores de Maquiagem",7,"5,30",35
6938294650479,6,"UBU Delineador de Olhos Drama Queen",9,"9,00",4
17899089416962,2,"Avon Ultra Color Rich  Lapiz Labial Baton Sensual","20,00",9
17898528403341,1,"Natura Ekos Polpa Hidratante para o Corpo Castanha","32,20",0
17898532693332,1,"Natura Horus Azul Marine Deo Colonia Masculina","59,40",1
17899089414647,2,"Avon Simply Delicate Fresh Floral Sabonete Intimo","11,90",2
17898487299191,1,"Natura Amo Amasso Deo Colonia Masculina","83,10",0
17899089444101,2,"Avon On Duty Women Deo Aerosol Antitranspirante","12,99",2
17899089443302,2,"Avon Ideal Flawless Base Liquida Soft Honey Mel","45,00",1
17899089438919,2,"Avon ColorTrend Esmalte Ching","2,90",0
17899089439244,2,"Avon ColorTrend Esmalte Fashion","2,90",1
17899089420167,2,"Avon Bloqueador Solar Labial FPS 30","10,00",2
17899089419307,2,"Avon Clearskin Antiacne em Bastao 3 em 1","14,00",8
17899089435741,2,"AvonColorTrend Brilho Labial Rollette Mente","10,00",3
17899089403450,2,"Avon Ultra Color Rich Baton Extra Volume Starlet","19,00",4
17899089403399,2,"Avon Ultra Color Rich Extra Volume Mauve","19,00",5
17899089400794,2,"Avon  Color Rich Baton Rosa Ouro","24,99",3
17899089407526,2,"Avon Color Rich Baton Ameixa Ouro","24,99",6
17899089400770,2,"Avon Color Rich Baton Vermelho Ouro","24,99",4
17899089400756,2,"Avon Color Rich Baton Chocolate Ouro","24,99",2
17899089403498,2,"Avon Ultra Color Baton Extra Volume Plump","19,00",2
17899089418843,2,"Avon Extra Lasting longa Duracao Baton Pink Rosad","19,00",2
17899089418928,2,"Avon Extra Lasting Longa Duracao Baton Cappuccino","19,00",3
17899089418935,2,"Avon Extra Lasting Longa Duracao Baton Chocolate","19,00",2
17898417962430,4,"Vult Sombra Pure Shine Cor 02 Iluminadora","10,00",3
17898417962324,4,"Vult Sombra Pure Shiene cor 16  Neon","10,00",0
17898417961068,4,"Vult Baton cor 06","8,00",7
17898417968821,"Vul Duo Cake cor 01","11,00",6
17898548800045,1,"Natura Ekos Castanha  Sabonete Puro Vegetal  Barra","4,50",0
17898447671203,1,"Natura Sintonia Deo Masculina","20,70",1
17898473140018,1,"Natura Seve  Deo Oleos  Corporal  Amendoas Doce","59,90",0
178984731325822,1,"Natura Tododia Sabonete Liquido Frutas Rojas","17,90",0
17898473132822,1,"Natura Tododia Sabonete Liquido Frutas Vermelhas","17,90",0
17898506888962,1,"Natura Essencial Exclusivo Feminino","139,00",0
17898532693677,1,"Natura Faces Baton Rosa Mimo","9,90",3
17898532702263,1,"Natura Faces Baton Boca Mel","9,90",1
17899563820322,1,"Natura Fotoequilibrio Facial FPS 60","37,20",0
17898506884124,1,"Natura Nature Vapt Vupt Shampoo 2m 1 Hidratacao RF","10,90",0
17898517651623,1,"Natura Nature Toin oin oin Cond Cabelos Ccheados","14,60",0
17898506884063,1,"Natura Nature Toin Oin Oin Shampoo Cabelos Cachead","13,50",0
17898517657380,1,"Natura Nature Tchop Tchura Condicionador Spray","19,50",6
17898506877539,1,"Natura Erva Doce Deo Antitranspirante em Creme","13,90",0
17898532692779,1,"Natura Aguas Cedro Rosa","48,30",2
17899563820551,1,"Natura Fotoequilibrio Locao Protetora FPS 30","31,70",0
17899563820278,1,"Natura Fotoequilibrio Locao Refrescante H  Pos Sol","31,80",0
17898532702553,1,"Natura Ekos Acai Sabonete Lixa Puro Vegetal","4,50",0
17898548815735,1,"Natura Aquarela Baton cor 59","15,80",2
17898548815759,1,"Natura Aquarela Baton cor 61","15,80",2
17899563820346,1,"Natura Aquarela Gloss Labial cor 33","16,90",0
17899563820339,1,"Natura Aquarela Gloss Labial cor 32","16,90",0
17899563820353,1,"Natura Aquarela Gloss Labial cor 34","16,90",0
17899089416030,2,"Avon Naturals Locao Hidratante Corpo Roma e Manga","15,00",1
178913514,2,"Avon Colonia Deo  Spray 015 Amadeirado Floral Fres","32,00",1
17899089452359,2,"Avon Care Creme Facial Dia Renovare Accolade Dia","2,99",3
17899089452373,2,"Avon Care Creme Facial Renovare Accolade Noite","2,99",3
17899089452168,2,"Avon Care Fresh  Deo Ron-On Cha Verde","2,99",2
17899089416764,2,"Avon On  Duty Deo Roll-On Unmarked","2,99",1
17899089452151,2,"Avon Care Floral Deo Roll-On Perfume Rosa","2,99",1
17899089452144,2,"Avon Care Deo Roll On Delicate Camomila","2,99",2
17899089419222,2,"Avon  Renew Clinical para Area dos Olhos","40,00",5
17899089424615,2,"Avon Advance Aticaspa 2 em 1 Tipos de Cabelos","11,00",1
17899089423601,2,"Avon Advance Anticaspa Hidratacao Reparadora Shamp","11,00",0
17899089423618,2,"Avon Adcance Anticaspa Condicionador Tipos Cab","11,00",0
17899089401821,2,"Avon Renew Rejuvenate Flash Serum Antidade","80,00",6
17899089435079,2,"Avon Chess Blush  Po Multicolorido Rosa Escuro","44,00",0
17899089437066,2,"Avon Chess Blush em Po Multicolorido Rosa Claro","44,00",0
17899089425407,2,"Avon ColorTrend Lip Brilho Labial  Maracuja Tropic","12,00",3
17899089425360,2,"Avon ColorTrend Lip Brilho Labial Flor de Laranja","12,00",16
17899089425384,2,"Avon ColorTrend Lipm Brilho Labial Beijo de Grosel","12,00",4
17898532692410,1,"Natura Tododia Sabonete Liquido  Esfoli Orquidea","20,90",0
17898532692816,1,"Natura Aguas Jabuticaba Locao Hidratante Perfumada","19,10",0
17898501069212,1,"Natura Ekos Andiroba Polpa Hidratante Corporal","39,80",0
17899563825204,1,"Natura Apontador Duplo para Maquiagem","14,60",0
17898501069304,1,"Natura Ekos Cacau Polpa Hidratante Pernas e Pe","27,00",0
17898487296725,1,"Natura Aquarela Base FPS 8 cor 12","21,80",0
17898532694827,1,"Natura Chronos + 30 RF poucos sinais","46,50",0
17898487296589,1,"Natura Aquarela Blush cor 02","20,60",0
17898487296596,1,"Natura Aquarela Blush cor 03","20,60",0
17898487296602,1,"Natura Aquarela Blush cor 04","20,60",0
17898487296619,1,"Natura Aquarela Blush cor 05","20,60",0
17899089412568,2,"Avon ColorTrend Blush em Po Compacto Rosa Pink","17,00",6
17899089400275,2,"Avon ColorTrend Blush em Po Compacto Vinho Rosado","17,00",1
17898516070562,3,"Jequiti Aviva Blush Rosa Carmim","29,80",1
17899089419208,2,"Avon Extra Lasting Po Compacto Amendoa","34,00",1
17898516079985,3,"Jequiti Forasense","69,00",3
17899563822227,1,"Natura Kaiak Fluir Deo Colonia Feminino","65,80",5
17899563823118,1,"Natura Aguas Laranjeira em Flor Locao Hidratante","19,10",2
17899563822210,1,"Natura Aguas Deo Colonia de Jab (Kits Promocional)",2,2
17898460855123,1,"Natura Aguas Laranjeira em Flor Deo Colonia","48,30",2
17899563822012,1,"Natura Tododia Creme Hid para as Maos Ameixa","14,80",6
17899563822029,1,"Natura Tododia Sab  Barra Puro Vegetal Ameixa",2,6
17899563820445,1,"Natura Ekos Maracuja Roxo Creme Hid Corporal",2,2
17899563820438,1,"Natura Ekos Oleo Trifasico Maracuja Roxo","51,80",2
17898548802117,1,"Natura Ekos Sabonete Liquido Maracuja Roxo",2,2
17899563820391,1,"Natura Seve Oleos Vegetais Jasmim Rosa","49,90",5
17899563820377,1,"Natura Sevfe Oleos Vegetais Fresia e Vanila","49,90",7
17898548806252,1,"Natura Seve Oleos Vegetais Banho de Petalas","49,90",1
17898506887644,1,"Natura Faces Deo Colonia Conectada","61,90",1
17898532708319,1,"Natura Tododia Creme Hidratante Maos Orquidea","14,80",0
17898528409688,1,"Natura Tododia Deo Hidratante Orquidea Corporal","25,80",1
17898528400081,1,"Natura Tododia Creme Hidr Corporal Frutas Vermelha","25,80",1
17898532704977,1,"Natura Aquarela Baton Pontos de Luz cor 202","15,80",4
17898532704304,1,"Natura Aquarela Baton Pontos de Luz cor 214","14,90",4
17898532704311,1,"Natura Aquarela Baton Pontosw de Luz cor 220","14,90",2
17898532704274,1,"Natura Aquarela Baton Pontos de Luz cor 209","14,90",2
178927441,2,"Avon  Creme Hidratante Intensivo para os Pes","15,00",0
17899089428415,2,"Avon Advance Tec Fluido Ultra Restaurador de Ponta","16,00",0
17899089437653,2,"Avon Baby Lencos Umedecidos Perfumados","12,99",1
17899089444828,2,"Avon Sun Bloqueador Solar FPS 30  250 g","38,00",2
178933813,2,"Avon Renew Perfect Cleanser Gel de Limpeza","24,00",0,3,0,0,0,100,0,0,1,0
17899089439268,2,"Avon ColorTrend Esmalte Brilho Longa Dur Bailarina","2,90",0
17899089400749,2,"Avon Color Rich Baton Puro Ouro","24,00",3
17899089422598,2,"Avon Foot Works Barra Hidratante Pes 5,3 g","15,00",2
17899089436427,2,"Avon ColorTrend Corretivo Liquido Bege Claro","11,00",2
17899563822159,1,"Natura Humor Shampoo Cabelo e Corpo",2,1
17899563822135,1,"Natura Humor Oleo Deo Corporal",2,1
17898422498030,1,"Natura Humor  1  Deo Colonia",2,2
17899563821893,1,"Natura Homem NH Hidratante Refrescante Spray",2,2
17899563822098,1,"Natura Homem NH Shampoo Refrescante",2,2
17898528408346,1,"Natura Homem Sabonete Barra Cremoso Refrescante",2,2
17898506876006,1,"Natura Seve com Oleos Vegetais Amendoas Marcantes","49,90",7
17899563827918,1,"Natura Tododia Maca e Framboesa Deo Hidratante","29,80",53
17899563822043,1,"Natura Tododia Maca e Framboesa Deo Hidrat Banho",2,59
17899563822050,1,"Natura Tododia Maca e Framboesa Sabonete Barra",2,52
17899563822234,1,"Natura Tododia Saboneteira",2,50
17899563822203,1,"Natura Kaiak Urbe Deo Spray","20,70",3
17899563822142,1,"Natura Kaiak Urbe Sabonete em Barra",2,5
17899563820414,1,"Natura Ekos Madeira em Flor Hidratante Corporal",2,2
17899563821800,1,"Natura Faces Deo Colonia Bela",2,0
17898528400289,1,"Natura VoVo Creme Refrescante Pernas e Pes",2,4
17899563822531,1,"Natura Ekos Madeira em Flor Deo Colonia Frescor",2,2
17898506887224,1,"Natura Vo Deo Colonia Masculino",2,2
17898548806641,1,"Natura VoVo Creme de Massagem maos e Bracos",2,4
17898528403594,1,"Natura MB Fluido de Limpeza com Oleo de Passiflora",2,3
17898506883714,1,"Natura Una Quarteto de Sombras Refil",2,0
17898553767616,3,"Jequiti Necessaire",3,19
17898553767753,3,"Jequiti Estojo de Sabonetes Vida Sortidos 5 uni","19,90",15
1789851607095,3,"Jequiti Ela Lapiseira Delineador","13,50",19
17898516071361,3,"Jequiti Lapis para os Olhos Branco Perolado","11,90",4
08985537,3,"Jequiti Aviva",,0
17898553762673,3,"Jequiti Aviva Lapis para os Olhos Azul Intenso","11,90",3
17898516071002,3,"Jequiti Elas Gloss Labial Fashion","12,90",19
17899563822173,1,"Natura Kaiak Urbe Sacola Esportiva",,2
17898473147642,1,"Natura Seve com Oleos Vegetais Amendoas Doces","49,90",5
17899563821817,1,"Natura Faces Deo Hidr Corporal",,2
17899563823354,1,"Natura Faces Necessaire Natal",,2
17898532695312,1,"Natura Ekos Sabonete Liquido Esfoliante","22,10",0
17898548815797,1,"Natura Aqyarela Sexteto de Sombras cor 04","30,90",2
17898548815803,1,"Natura Aquarela Sexteto de Sombras cor 05","30,90",2
17898417964106,4,"Vult Mascara Rosa Savage","15,00",0
17898501066471,1,"Natura Tododia Cereja Avela Creme Hidratante Pes",2
17899089422116,2,"Avon Baby Shampoo 2 em 1 sem lagrimas","13,00",1
17899089401937,2,"Avon Ultra Color Rich Batom Cor Intensa. Vinho Sed","16,00",2
17899089401906,2,"Avon Ultra Color Rich Batom Cor Inrensa Ameixa Cla","16,00",1
17899089401920,2,"Avon Ultra Color Rich Batom Cor Intensa Chocolate","16,00",1
17899089407458,2,"Avon Colortrend Base em Bastao Caramelo",1,1
17899089408370,2,"Avon ColorTrend Encore Batom Grape","9,00",1
17899089408400,2,"Avon ColorTrend Baton Vermelho Cafe","9,00",2
17899563820292,1,"Natura Fotoequilibrio FPS 30/10 200 ml","43,10",0
17899089407571,2,"Avon Musk Marine","9,00",1
17899089453806,2,"Avon Care  Shampoo Hidratante Cabelos Secos 1 lt","18,00",3
17899089453813,2,"Avon Care Condicionador Hidratante Cabelos Secos 1","18,00",3
17899089433150,2,"Avon Extralasting Batom de Longa Duracao Pink","19,00",2
17899089442770,2,"Avon Extra lasting Lip Gloss Labial Rosa","17,00",2
17899089442794,2,"Avon Extra Lasting Lip Gloss Labial Bronze","17,00",2
17899089442787,2,"Avon Extra Lasting Lip Gloss Labial Ameixa","17,00",2
17898548816213,1,"Natura Bolsa MB Natal (Kits Natal)",2,3
17898548805163,1,"Natura Faces Estojo de Maquiagem  Kits",2,4
17898528402559,1,"Natura  Nature Tchop Tchura","19,70",3
17899089436793,2,"Avon Care Glicerina para as Maos e Unhas","11,07",0,0,100,1
17899089446471,2,"Avon Care Nutri Plus Nutricao Intensiva Pele Seca","25,00",0
17899089446112,2,"Avon Naturals Hidratante Macadamia e Baunilha Corp","22,00",1
17899089429030,2,"Avon Naturals Oleo Corporal Pera e Acai","22,00",2,0,100,1
17899089415774,2,"Avon Naturals Oleo Corporal Maracuja e Menta","22,00",1,0,100,1
17899089400718,2,"Avon Ultra Color Rich Batom Ouro Nectar","24,00",1,0,100,1
17899089435512,2,"Avon ColorTrend Delineador Preto Metalico Olhos","11,00",6
17899089438520,2,"Avon ColorTrend Batom Hidratante FPS 15 Lilas Bril","9,00",3
17899089452076,2,"Avon ColorTrend Batom Hidratante FPS 15 Boca","9,00",5,0,100,1
17899089438544,2,"Avon ColorTrend Batom Hidratante FPS 15 Rosa Choco","9,00",2
17899089452069,2,"Avon ColorTrend Batom Hidratante FPS 15 Cafe","9,00",2
17899563822777,1,"Natura Ekos Sabonetes Esfoliante Pitanga 4 unid","16,90",2
17899089403566,2,"avon true color blush malva",,2
17898930771809,8,"Oceane Delineador para os Olhos Marron","20,00",6
17898532693738,1,"Natura Faces Batom FPS  Marron Brilho","9,90",1
17898532702294,1,"Natura Faces Batom FPS 8 Canela Envolvente","9,90",1